-- phpMyAdmin SQL Dump
-- version 4.8.5
-- https://www.phpmyadmin.net/
--
-- Máy chủ: 127.0.0.1
-- Thời gian đã tạo: Th6 15, 2023 lúc 09:05 AM
-- Phiên bản máy phục vụ: 10.1.38-MariaDB
-- Phiên bản PHP: 7.3.4

SET SQL_MODE = "NO_AUTO_VALUE_ON_ZERO";
SET AUTOCOMMIT = 0;
START TRANSACTION;
SET time_zone = "+00:00";


/*!40101 SET @OLD_CHARACTER_SET_CLIENT=@@CHARACTER_SET_CLIENT */;
/*!40101 SET @OLD_CHARACTER_SET_RESULTS=@@CHARACTER_SET_RESULTS */;
/*!40101 SET @OLD_COLLATION_CONNECTION=@@COLLATION_CONNECTION */;
/*!40101 SET NAMES utf8mb4 */;

--
-- Cơ sở dữ liệu: `thuocnam`
--

-- --------------------------------------------------------

--
-- Cấu trúc bảng cho bảng `anh`
--

CREATE TABLE `anh` (
  `maanh` int(3) UNSIGNED ZEROFILL NOT NULL,
  `masanpham` int(6) UNSIGNED ZEROFILL NOT NULL,
  `anhurl` varchar(255) CHARACTER SET utf8 COLLATE utf8_unicode_ci NOT NULL
) ENGINE=InnoDB DEFAULT CHARSET=utf8mb4 COLLATE=utf8mb4_unicode_ci ROW_FORMAT=DYNAMIC;

--
-- Đang đổ dữ liệu cho bảng `anh`
--

INSERT INTO `anh` (`maanh`, `masanpham`, `anhurl`) VALUES
(001, 000001, 'https://www.namlimxanh.com/wp-content/uploads/2018/03/xa-den-kho.jpg2_.jpg'),
(002, 000002, 'https://media-cdn-v2.laodong.vn/Storage/NewsPortal/2021/5/15/909530/Che-Day-Kho.jpg'),
(003, 000003, 'https://bachhoaxelam.com/wp-content/uploads/2020/12/3-dieu-ban-nen-biet-truoc-khi-tim-mua-la-bo-cong-anh-o-dau-tphcm-4.webp'),
(004, 000004, 'https://vienthiacanh.vn/sites/default/files/anh_bai_viet/duoc-lieu-cam-thao-dat.jpg'),
(005, 000005, 'https://www.thucphamchosach.com/images/2020/nu_hoa_tam_that_kho.jpg'),
(006, 000006, 'https://thaoduocduyhung.com/wp-content/uploads/2017/02/Gi%E1%BA%A3o-C%E1%BB%95-Lam-S%E1%BA%A5y-Kh%C3%B4-scaled.jpg'),
(007, 000007, 'https://soyte.hanoi.gov.vn/documents/5597368/6572195/h%E1%BA%A1t+th%C3%AC+l%C3%A0.jpg/cbbaedd3-d883-4be3-8365-80710e03cc46?t=1669561244950'),
(008, 000008, 'https://uploads-ssl.webflow.com/5e37b45ba3d85b0eee278825/60669ae02c72364fb9483813_ca%CC%82y%20mu%CC%81%20tu%CC%9B%CC%80n%206.jpeg'),
(009, 000009, 'https://vnn-imgs-f.vgcloud.vn/2019/07/26/11/du-du-duc-2.jpg'),
(010, 000010, 'https://chuoihotrung.vn/wp-content/uploads/2020/01/ere.jpg'),
(011, 000011, 'https://omega3.vn/wp-content/uploads/2020/08/cay-an-xoa-1.jpg'),
(012, 000012, 'https://suckhoedoisong.qltns.mediacdn.vn/Images/nguyenkhanh/2019/03/28/cau_ky_tu_2.jpg'),
(013, 000013, 'https://vn-live-01.slatic.net/p/57a4a1ad13da504d768e9469f2b09154.jpg'),
(014, 000014, 'https://tonymolyvn.com.vn/wp-content/uploads/2021/05/kho-qua-rung-1.jpg'),
(015, 000015, 'https://login.medlatec.vn//ImagePath/images/20220415/20220415_day-thia-canh-chua-tieu-duong-2.png'),
(016, 000016, 'https://cdn.tgdd.vn/Files/2020/04/03/1246355/cach-ngam-ruou-chuoi-hot-don-gian-de-lam-1.jpg'),
(017, 000017, 'https://maycuungai.com.vn/wp-content/images/Ngai-cuu-kho-co-tac-dung-gi-Su-dung-the-nao-cho-dung-cach-2.jpg'),
(018, 000018, 'https://cdn.tgdd.vn/2021/03/content/Tac-dung-cua-nam-linh-xanh-gia-ban-va-cach-dung-an-toan-nhat-3-800x500.jpg'),
(019, 000019, 'https://admin.nongsandungha.com/wp-content/uploads/2022/06/cu-nhau-kho.jpg'),
(020, 000020, 'https://image-us.24h.com.vn/upload/3-2021/images/2021-07-28/Dan-tim-mua-cay-xuyen-tam-lien-ve-dieu-tri-Covid-19-chuyen-gia-noi-gi-1-1627463269-204-width600height464.jpg'),
(021, 000021, 'https://login.medlatec.vn//ImagePath/images/20220818/20220818_cay-tam-bop-4.jpg'),
(022, 000022, 'https://thuocdantoc.vn/wp-content/uploads/2020/09/tra-hoa-cuc-2.jpg'),
(023, 000023, 'https://trabieu.com/wp-content/uploads/2021/06/cong-dung-giam-can-loi-sua-cua-che-vang-5.jpg'),
(024, 000024, 'https://image.vtc.vn/files/ctv.suckhoe2/2016/09/02/cay-coi-xay1-0205.jpg'),
(025, 000025, 'https://vnn-imgs-f.vgcloud.vn/2019/09/30/16/la-sen.jpg'),
(026, 000026, 'https://thucphamkho.vn/wp-content/uploads/2022/09/mua-co-xuoc-kho-o-dau-uy-tin-nhat.jpg'),
(027, 000027, 'https://omega3.vn/wp-content/uploads/2021/05/bong-dua-can.jpg'),
(028, 000028, 'https://thaythuocvietnam.vn/wp-content/uploads/2018/05/hoa-hoe-kho.jpg'),
(029, 000029, 'https://thuocdantoc.vn/wp-content/uploads/2019/05/la-khoi-tia-chua-trao-nguoc-da-day-02.jpg'),
(030, 000030, 'https://duoclieugacp.com/wp-content/uploads/2021/12/co-man-trau.jpg'),
(031, 000031, 'https://bizweb.dktcdn.net/100/099/050/files/bach-hao-xa-thiet-thao-kho.jpg?v=1527147927586'),
(032, 000032, 'https://lmhtxdaknong.vn/wp-content/uploads/2018/03/cay-lac-tien-kho-chua-benh-mat-ngu-600x466.png'),
(033, 000033, 'https://admin.nongsandungha.com/wp-content/uploads/2021/09/tra-dinh-lang-say-kho-3-min.jpg'),
(034, 000034, 'https://thucphamkho.vn/wp-content/uploads/2021/07/tim-sen-tri-mat-ngu-min.jpg'),
(035, 000035, 'https://tamthatlaocai.vn/wp-content/uploads/2021/12/sp16-scaled.jpg'),
(036, 000036, 'https://tracuuduoclieu.vn/wp-content/uploads/2021/09/mat-nhan.jpg'),
(037, 000037, 'https://dongyphuvan.vn/wp-content/uploads/2020/05/than-gam-kho.jpg'),
(038, 000038, 'https://photo-cms-tpo.epicdn.me/w890/Uploaded/2023/rwbvhvobvvimsb/2021_10_10/tinh-bot-nghe-2-4203.jpg'),
(039, 000039, 'https://thuocdantoc.vn/wp-content/uploads/2020/03/day-to-hong.jpg'),
(040, 000040, 'https://vn-live-01.slatic.net/p/7874caa2567052900f133a69d5f1cb38.jpg'),
(041, 000041, 'https://eco-health.vn/wp-content/uploads/2021/08/trinhnu1.jpg'),
(042, 000042, 'https://thuocdantoc.vn/wp-content/uploads/2019/04/cay-ich-mau-2.jpg'),
(043, 000043, 'https://cdn.medigoapp.com/product/cay_rau_bo_tri_benh_gi_bfce2a9152.png'),
(044, 000044, 'https://www.thuocdantoc.org/wp-content/uploads/2019/11/cay-com-ruou.jpg'),
(045, 000045, 'https://admin.nongsandungha.com/uploads/uploads/2019/07/ban-diep-ca-kho.jpg'),
(046, 000046, 'https://giaviviet.vn/upload/hinhthem/latiatosaykho-4957.jpg'),
(047, 000047, 'https://tuyetyennhuadao.com/uploads/images/cay-ma-de-mua-o-dau.jpg'),
(048, 000048, 'https://caythuocdangian.vn/upload/news/2020/05/29/crop/500/image-1590771369ruou-sim.jpg'),
(049, 000049, 'https://bupxanh.vn/files/assets/gungdaikho.jpg'),
(050, 000050, 'https://caycanhhaidang.com/wp-content/uploads/2016/12/nhan-tran-kho.jpg');

-- --------------------------------------------------------

--
-- Cấu trúc bảng cho bảng `baidang`
--

CREATE TABLE `baidang` (
  `mabaidang` int(6) UNSIGNED ZEROFILL NOT NULL,
  `masanpham` int(6) UNSIGNED ZEROFILL NOT NULL,
  `tieude` varchar(255) COLLATE utf8mb4_unicode_ci NOT NULL,
  `noidung` longtext COLLATE utf8mb4_unicode_ci,
  `baithuoc` longtext COLLATE utf8mb4_unicode_ci NOT NULL,
  `anhbaidangurl` varchar(255) COLLATE utf8mb4_unicode_ci NOT NULL
) ENGINE=InnoDB DEFAULT CHARSET=utf8mb4 COLLATE=utf8mb4_unicode_ci ROW_FORMAT=DYNAMIC;

--
-- Đang đổ dữ liệu cho bảng `baidang`
--

INSERT INTO `baidang` (`mabaidang`, `masanpham`, `tieude`, `noidung`, `baithuoc`, `anhbaidangurl`) VALUES
(000001, 000041, 'Cây Xấu Hổ – Vị thuốc dân gian chữa đau lưng, mất ngủ hiệu quả', '<p>Nhắc đến Cây Xấu Hổ, chắc chắn nhiều người đều biết đến. Đây là loại cây gắn liền với tuổi thơ của nhiều người vì chúng mọc nhiều nơi trên nước ta. Cây Xấu Hổ được các thầy thuốc Đông Y thu hái về làm dược liệu điều trị các bệnh mất ngủ, đau nhức xương khớp hoặc cao huyết áp,… Để hiểu rõ hơn về cây Xấu Hổ và cách sử dụng hiệu quả, mời các bạn xem qua trong bài viết sau.</p>\r\n\r\n<img src=\"https://duoclieuthaison.com/wp-content/uploads/2020/09/dau-dau-1.jpg\" \r\n<p><b>Tên gọi khác:</b> Cây mắc cỡ, cây trinh nữ, cây thẹn, hàm tu thảo</p>\r\n<p><b>Tên gọi khoa học:</b> Mimosa pudica L</p>\r\n<p><b>Họ:</b> Họ Ðậu – Fabaceae.</p>\r\n\r\n\r\n\r\n<b>Đặc điểm cây Xấu hổ</b></br> </br>\r\n<img src=\"https://thuocdantoc.vn/wp-content/uploads/2019/04/cay-trinh-nu.jpg\" class=\"center2\"> </br>\r\n<p>Xấu hổ là cây thân thảo, sống ít năm thường hay mọc ven ở bên đường hoặc những vùng đất trống. Lúc mới sinh trưởng, xấu hổ có xu hướng mọc thẳng, hướng lên. Khi trưởng thành, cây thường bò trườn trên mặt đất.</p>\r\n<p>Xấu hổ thân nhỏ, phân thành nhiều nhánh, chiều dài thân có thể lên đến 1,5 m. Thân và nhánh có nhiều gai hình móc.\r\nLá xấu hổ hình lông chim, cuống lá hình chân vịt, khi chạm vào sẽ tự động khép lại xuôi theo trục lá. Cuống lá xấu hổ thường dài đến 4 cm và có nhiều lông. Mỗi lá xấu hổ thường có 15 đến 20 chét lá, không có cuống.</p>\r\n<p>Hoa xấu hổ mọc ra từ nách lá với cuống hoa dài. Hoa nhỏ, màu tím đỏ, có hình cầu. Quả xấu hổ có hình ngôi sao, quả thắt lại ở giữa hạt, nhiều lông cứng. Quả dài khoảng 2 mm, rộng khoảng 3 mm mọc tụ lại thành một chùm.\r\nMùa ra hoa và quả xấu hổ vào khoảng tháng 6 – 8.</p>\r\n<b>Dược liệu xấu hổ</b><br/>\r\n<p>Tất cả các bộ phận của cây xấu hổ đều có thể sử dụng để bào chế dược liệu.</p>\r\n\r\n<b>Phân bố</b><br/>\r\n<p>Xấu hổ là dược liệu có nguồn gốc từ Nam và Trung Mỹ. Xấu hổ cũng phổ biến ở một số khu vực ở châu Á như Thái Lan, Việt Nam, Malaysia,…</p>\r\n\r\n<p>Ở nước ta, xấu hổ thường mọc ở ven đường, bờ sông hoặc bãi đất trống. Cây thường có xu hướng phát triển ở miền Nam nhiều hơn miền Bắc.\r\nVị thuốc cây Xấu hổ</p>\r\n<b>Tính vị</b><br/>\r\n<p>Xấu có vị ngọt, tính hơi hàn, se và chứa một lượng độc nhỏ.</p>\r\n\r\n<b>Quy kinh</b>\r\n<p>Xấu hổ quy vào kinh phế.</p>\r\n\r\n<b>Tác dụng dược lý</b><br/>\r\n<p>Tác dụng theo nghiên cứu y học hiện đại:</p>\r\n<p>Tác dụng chống lại nọc của rắn độc: Tại Đại học Ấn Độ một nghiên cứu vào năm 2001 đã ghi nhận dịch tiết từ rễ khô của cây xấu hổ có chứa hoạt chất Minosa. Đây là hoạt chất có khả năng ức chế các hoạt động của men Hyaluronidase và Protease thường tồn tại trong nọc của rắn độc.\r\nTác dụng chống co giật: Dịch tiết từ lá cây xấu hổ có thể hỗ trợ chống co giật được gây ra bởi Pentylentetrazol và Strychnin. Tuy nhiên, chất dịch tiết từ lá xấu hổ không thể chống lại các cơn co giật được gây ra bởi N-methyl-D-as partate.</p>\r\n<p>Tác dụng chống lo âu của xấu hổ được cho là có hiệu quả tương tự như Diazepam. Tính chất có trong cây xấu hổ có thể hỗ trợ điều trị  lo âu, trầm cảm thuốc loại Tricyclic.</p>\r\n\r\n<p>Sử dụng Cây Xấu Hổ có thể giảm stress, lo âu hoặc trầm cảm\r\nTác dụng chống trầm cảm: Nghiên cứu tại Đại học Veracruỳ (Mexico) cho biết chiết xuất từ lá khô xấu hổ có tác dụng chống lại dấu hiệu của trầm cảm.\r\nTác dụng lên chu kỳ rụng trứng: Nghiên cứu tại Đại học Annamalai, Tamilnadu (Ấn Độ) có thể tác động lên chu kỳ rụng trứng bình thường.</p>', ' <b>Chữa viêm phế quản mạn tính </b><br/>\r\n<p>Cây xấu hổ 30 g, rễ lá cẩm 16 g sắc thành thuốc, chia làm hai lần uống trong ngày.</p>\r\n\r\n<b>Điều trị đau ngang thắt lưng, nhức mỏi xương gân</b><br/>\r\n<p>Bài thuốc thứ nhất:> Rễ xấu hổ phơi khô mang đi sao vàng, tẩm rượu rồi lại mang đi sao khô. Mỗi lần dùng khoảng 20 – 30 g sắc thành nước uống trong ngày.</p>\r\n\r\n<p>Bài thuốc thứ hai: Kết hợp 20 – 30 g rễ xấu hổ sao vàng, tẩm rượu bên trên cùng với rễ cúc tần và bưởi bung, mỗi vị 20 g, dây cam thảo và rễ đinh lăng, mỗi vị 10 g sắc thành nước uống trong ngày.</p>\r\n\r\n<b>Xấu hổ chữa đau nhức xương khớp</b><br/>\r\nDùng rễ cây xấu hổ thái thành lát mỏng, mang đi phơi khô. Mỗi ngày dùng 120 g đem rang lên, tẩm rượu 35 – 40 độ rồi lại sao khô.\r\n\r\nKhi dùng, sắc rễ xấu hổ với 600 ml nước đến khi còn 200 – 300 ml. Chia thành 2 – 3 lần để uống trong ngày. Sau khoảng 4 – 5 ngày có thể thấy hiệu quả điều trị.\r\n\r\n<b>Điều trị mất ngủ, suy nhược thần kinh</b><br/>\r\n<p>Bài thuốc thứ nhất: Dùng 15 g xấu hổ sắc thành thuốc uống trong ngày.</p>\r\n\r\n<p>Bài thuốc thứ hai: Kết hợp 15 g xấu hổ với 15 g cúc tần, chua me đất 30 g sắc thành nước uống hàng ngày và mỗi buổi tối.</p>\r\n\r\n<b>Điều trị huyết áp cao</b><br/>\r\n<p>Dùng cây xấu hổ 6 g, hà thủ ô, tăng ký sinh mỗi vị 8 g, cùi bông sứ, câu đằng, đỗ trọng, lá vông nem, hạt muồng ngu, kiến cò mỗi vị 6 g kết hợp với 4 g địa long, mang đi sắc thành nước uống hàng ngày.\r\n\r\nNgoài ra, có thể mang có vị thuốc trên tán thành bột, làm thành viên hoàn để uống hàng ngày.</p>\r\n\r\n<b>Chữa đầy bụng, khó tiêu hóa</b><br/>\r\n<p>Lá và cành xấu hổ 16 g, bạch thược, mạch nha mỗi vị 16 g, thần khúc 12 g. Sắc thành thuốc chia làm hai lần uống trong ngày, mỗi lần dùng một bát nước thuốc sau bữa ăn.\r\n\r\nSử dụng liên tục trong 3 – 5 ngày để thấy hiệu quả điều trị.</p>', 'https://duoclieuthaison.com/wp-content/uploads/2020/09/dau-dau-1.jpg'),
(000002, 000003, 'Lá Bồ Công Anh, Có Tác Dụng Hiệu Quả Gì Với Phụ Nữ Sau Sinh?', '<p>Được biết Bồ Công Anh là một vị thuốc sử dụng nhiều trong dân gian với công dụng tốt, lành tính. Có nhiều bài thuốc sử dụng lá cây Bồ Công Anh để điều trị vấn đề về sức khỏe. Vậy bạn có biết lá Bồ Công Anh có tác dụng gì với phụ nữ sau sinh không? Bài viết dưới đây sẽ giúp bạn có cái nhìn cụ thể hơn về chủ đề này.</p>\r\n\r\n<img src=\"https://st.suckhoegiadinh.com.vn/staticFile/Subject/2019/09/30/50a_301942267.jpg\" class=\"center2\"> </br>\r\n\r\n<b>Lá Bồ Công Anh có tác dụng gì?</b></br>\r\n<p>Phụ nữ sau sinh thường sẽ phải đối mặt với những vấn để trong quá trình nuôi con, một trong số đó là tắc tia sữa.</p>\r\n\r\n<p>Theo như các thầy thuốc Đông Y, lá Bồ Công Anh có công dụng tuyệt vời trong việc cải thiện tình trạng tắc tia sữa. Đồng thời những thành phần trong lá Bồ Công Anh còn giúp mẹ sau sinh loại bỏ độc tố trong cơ thể, hỗ trợ lấy lại vóc dáng nếu dùng đúng liều lượng theo chỉ định thầy thuốc.</p>\r\n\r\n<b>Lá Bồ Công Anh có tác dụng trị tắc tia sữa thế nào?</b></br>\r\n<p>Theo các chuyên gia Y Học Cổ Truyền, Dược liệu Bồ Công Anh mang tính lạnh, vị đắng ngọt. Công dụng chính của lá cây là thanh nhiệt, tiêu thũng và giải độc.</p>\r\n\r\n<p>Trong Tây Y, thành phần dưỡng chất trong lá Bồ Công Anh gồm: Các chất khoáng như Canxi, sắt. Đồng thời lượng Vitamin B, C trong lá cây tương đối cao giúp cải thiện sức khỏe hiệu quả.</p>\r\n\r\n<p>Sử dụng nước sắc từ lá Bồ Công Anh giúp thông tuyến sữa, cải thiện số lượng và chất lượng sữa mẹ. Với những người mẹ bị tắc tia sữa dẫn đến sốt, nóng trong người cũng sẽ nhanh chóng giảm triệu chứng khó chịu khi sử dụng trà lá Bồ Công Anh.</p>\r\n\r\n<p?Chúng tôi hy vọng rằng với thông tin mình chia sẻ. bạn sẽ biết thêm lá Bồ Công Anh có tác dụng gì với phụ nữ sau sinh bị tắc tia sữa. Tuy nhiên, để đảm bảo an toàn bạn nên tham khảo qua ý kiến của thầy thuốc, bác sĩ trước khi sử dụng loại thảo dược này để điều trị tắc tia sữa. Cảm ơn các bạn đã quan tâm theo dõi bài viết.</p>', '<b>Bài thuốc 1: </b></br>\r\n\r\n<p>Bồ công anh giúp tiêu độc, giảm mụn nhọt\r\nĐể làm bài thuốc trị  mụn nhọt hoặc tiêu độc này bạn chuẩn bị những vị thuốc sau: 20g bồ công anh khô, 10g ké đầu ngựa, 10g kinh giới, 10g liên kiều, 10g cải trời, 15g vòi voi, 10g cỏ mần trầu, 15g kim ngân hoa và cuối cùng là 10g hạ khô thảo.</p>\r\n\r\n<b>Bài thuốc 2: </b></br>\r\n\r\n<p>Chữa chứng lở loét lâu ngày, rắn, bọ cạp cắn\r\nĐể trị chứng lở loét lâu ngày không khỏi hoặc bị rắn và bò cạp cắn ta dùng khoảng 20g bồ công anh đem đi giã nát rồi đắp vào những vùng bị lở loét hoặc vết thương bị rắn, bò cạp cắn.</p>\r\n\r\n<p>Khi bị rắn hoặc bọ cạp cắn bạn nên hút lấy hết chất độc ra trước rồi đắp loại dược liệu này vào và đến cơ sở y tế gần nhất kiểm tra.</p>\r\n\r\n<b>Bài thuốc 3: </b></br>\r\n\r\n<p>Cây bồ công anh chữa đau dạ dày\r\nĐể làm bài thuốc trị chứng đau dạ dày, chuẩn bị các vị thuốc sau: 25g bồ công anh 15g, chè dây 15g lá khổ sâm, cuối cùng là 19g lá khôi tía, tất cả ở dạng khô. (Theo “Những cây thuốc và vị thuốc Việt Nam”, Giáo sư Đỗ Tất Lợi).</p>\r\n\r\n<p>Đem tất cả nấu với 1,5 lít nước và để lửa nhỏ. Khi nước sắc trong ấm cạn còn 300ml thì bạn tắt bếp, để nguội và lọc bỏ phần bã.</p>\r\n\r\n<p>Dùng bài thuốc này theo liệu trình dùng 10 ngày và nghỉ 3 ngày sẽ thấy bệnh tình được cải thiện.</p>\r\n', 'https://st.suckhoegiadinh.com.vn/staticFile/Subject/2019/09/30/50a_301942267.jpg'),
(000003, 000042, 'Cây Ích Mẫu – Vị thuốc điều trị rối loạn kinh nguyệt, bế kinh, tắc kinh', '<p>Cây ích mẫu luôn là thảo dược các thầy thuốc Đông Y sử dụng để điều trị các bệnh lý ở phái đẹp. Vì thế, nói đến cây ích mẫu, dân gian ta nghĩ ngay đến vị thuốc dành riêng cho phụ nữ với những công dụng tuyệt vời. Bạn muốn tìm hiểu nhiều hơn nữa những công dụng của cây ích mẫu? Nội dung bài viết dưới đây chắc chắn rất đáng để bạn tham khảo.</p>\r\n\r\n<img src=\"https://images.baodantoc.vn/uploads/2021/Th%C3%A1ng%204/Ng%C3%A0y_12/Thanh/unnamed.jpg\" class=\"center2\"> </br>\r\n\r\n<b>Những nét độc đáo nhất của cây ích mẫu</b></br>\r\n<p>Cây ích mẫu thuộc họ Hoa Môi, trong dân gian, thảo dược còn được gọi với nhiều cái tên khác như: cây chói đèn, cây sung úy. Sở dĩ thảo dược được gọi là ích mẫu vì công dụng chính của nó là tốt cho phụ nữ, những người mẹ mới sinh ( ích: có ích, mẫu: mẹ).,/p>\r\n\r\n<p>Cây ích mẫu thuộc loại cây thân thảo chủ yếu mọc hoang tại nhiều nơi. Cây có hoa màu hồng, kích thước nhỏ. Tuy nhiên hiện nay nhu cầu sử dụng thảo dược ích mẫu ngày càng nhiều. Một số nơi đã ứng dụng trồng cây ích mẫu để cung cấp cho thị trường.</p>\r\n\r\n<p>Thông thường cây sẽ ra hoa từ tháng 3 – 5, trong khoảng thời gian tháng 6 – 7 cây sẽ kết quả.</p>\r\n\r\n<p>Hiện tại, bộ phận được sử dụng để làm thuốc từ cây ích mẫu là toàn bộ cây. Riêng phần hạt của thảo dược được gọi với cái tên là: Sung úy tử. Thời điểm thu hái thảo dược tốt nhất là vàng tháng 9, lúc này dược tính của cây thuốc tương đối cao.</p>\r\n<b>Công dụng chính của cây ích mẫu</b></br>\r\n<p>Theo như những nghiên cứu của các chuyên gia y học hiện đại và cả thầy thuốc Đông Y. Cây ích mẫu mang đến những tác dụng cho sức khỏe như:<p>\r\n\r\n<p>Tác dụng của cây ích mẫu với tử cung\r\nNếu nói đến những tác dụng quan trọng nhất của cây ích mẫu thì đó chính là điều trị các vấn đề, bệnh lý ở tử cung nữ giới. Những dược chất có trong cây ích mẫu làm nhiệm vụ tăng hoạt động co bóp tử cung. Phụ nữ sau sinh sử dụng thảo dược sẽ giúp tử cung nhanh chóng trở về vị trí ban đầu.</p>\r\n\r\n<p>Không những thế, phụ nữ sau sinh sử dụng thảo dược còn giúp đẩy sản dịch ra khỏi cơ thể cách nhanh chóng hơn. Dược tính của cây thuốc còn mang đến công dụng tuyệt vời trong việc phòng chống nhiễm trùng tử cung.</p>\r\n\r\n<p>Nếu chỉ với những công dụng này, thảo dược đã không được gọi với cái tên là: Ich mẫu – thuốc tốt cho phụ nữ. Trong quá trình sử dụng cây ích mẫu, cơ thể phụ nữ sẽ nhận được những thay đổi tích cực khác như:</p>\r\n\r\n<p>Hỗ trợ phụ nữ ổn định chu kỳ kinh nguyệt, hạn chế tình trạng ra máu quá nhiều trong kỳ kinh, kinh nguyệt ra ít, không có kinh, đau bụng trong thời gian hành kinh.</p>\r\n<p>Hỗ trợ điều trị niêm mạc dạ con, rong huyết ở phụ nữ mới sinh.</p>\r\n<p>Là cây thuốc điều trị sưng vú hiệu quả.</p>\r\n<p>Là bài thuốc điều trị máu không ra được, hậu sản ở phụ nữ sau sinh.</p>\r\n<p>Lưu thông tuần hoàn máu, làm đẹp da.</p>', '<b>Bài thuốc: Cây ích mẫu khô 15g, mộc hương 5g, xích thược 10g, đương quy 10g, hồng hoa 5g. </b></br>\r\n\r\n<p>Cách dùng: Các nguyên liệu sau khi mua về giũ sạch bụi, đem sao vàng rồi tán thành bột mịn. Mỗi lần lấy khoảng 1 thìa cafe đem pha với nước ấm, ngày uống 2 lần.</p>\r\n\r\n<b>Bổ huyết điều kinh</b></br>\r\n\r\n<p>Bài thuốc: Ích mẫu 100g, hương nhu 20g, nga truật (nghệ đen) 50g, ngải cứu 40g, củ gấu 50g, cây cỏ máu 30g. </p>\r\n\r\n<p>Cách dùng: Các nguyên liệu mua về đem phơi thật khô, sao vàng rồi tán thành bột mịn, trộn đều với nhau. Thắng đường lên, cho bột vào trộn thật đều rồi vo thành viên to bằng viên bi (thuốc hoàn). Mỗi ngày uống 3 lần, mỗi lần 5 viên.</p>\r\n\r\n<b>Bài thuốc: Lá ích mẫu tươi 50g. </b></br>\r\n\r\n<p>Cách dùng: Lá cây ích mẫu sau khi rửa thật sạch, ngâm nước muối 10’ để tiêu diệt vi khuẩn, đem giã nhuyễn rồi chắt lấy nước cốt uống. Năng thực hiện mỗi ngày để đẩy tống hết máu ứ ra ngoài.</p>\r\n\r\n<b>Trị tắc tia sữa</b></br>\r\n\r\n<p>Bài thuốc: Cây ích mẫu khô 30g. \r\n\r\nCách dùng: Tán nhuyễn ích mẫu thành bột mịn rồi đem hòa với nước và bôi lên vú.\r\nĐiều trị mụn nhọt, mưng mủ</p>\r\n\r\n<b>Bài thuốc: Ích mẫu tươi hoặc khô 40g.</b></br>\r\n\r\n<p>Cách dùng: Rửa sạch, nấu với 1,5 lít nước, cạn còn một nửa thì ngưng, để nguội và dùng nước lau vùng da bị mụn nhọt, không cần rửa lại bằng nước. Kiên trì thực hiện 3 đến 4 lần mỗi ngày để nhọt nhanh tiêu.\r\n\r\nTác dụng thông tiểu, hỗ trợ điều trị bệnh viêm thận cấp tính</p>', 'https://images.baodantoc.vn/uploads/2021/Th%C3%A1ng%204/Ng%C3%A0y_12/Thanh/unnamed.jpg'),
(000004, 000018, 'Uống Nấm Lim Xanh Nhiều Có Tốt Không? Điều Cần Tránh Khi Sử Dụng\r\n', '<p>Như chúng ta đã biết, từ xưa đến nay các vị thuốc Đông y ở nước ta luôn được đánh giá rất cao về giá trị y học và được tin dùng nhiều hơn thuốc Tây. Ví dụ điển hình như cơn sốt về nấm lim xanh – loại nấm linh chi quý hiếm lấy từ rừng nguyên sinh. Đây là loại nấm mang đến nhiều công dụng bồi bổ sức khỏe có giá bán khá cao. Tuy nhiên, vẫn nhiều người còn đắn đo khi sử dụng bởi không biết rõ thực hư về giá trị của loại nấm này. Đó là lý do bài viết dưới đây, chúng tôi muốn tìm ra lời giải đáp uống nấm lim xanh nhiều có tốt không và điều cần tránh khi sử dụng cùng bạn đọc.</p>\r\n\r\n<img src=\"https://duoclieuthaison.com/wp-content/uploads/2020/10/tac-dung-cua-nam-lim-xanh.jpg\" class=\"center2\"> </br>\r\n<b>Nấm lim xanh là gì?</b></br>\r\n<p>Trong y học, nấm lim xanh được biết với cái tên khoa học là Ganoderma Lucidum Karst. Đây được coi là loại nấm quý hiếm bởi nó chỉ mọc lên từ thân hay rễ của cây lim xanh đã chết có trong các khu rừng nguyên sinh.</p>\r\n\r\n<p>Dựa theo vị trí mọc của nấm lim xanh là ở trên thân hay rễ cây lim mà người ta phân ra các loại nấm có mức độ quý hiếm khác nhau. Thường thì nấm mọc lên từ thân cây lim xanh sẽ hiếm hơn loại nấm mọc lên từ rễ cây.</p>\r\n<img src=\"https://nhansamlinhchi.net.vn/wp-content/uploads/2015/08/N%E1%BA%A5m-lim-xanh-qu%E1%BA%A3ng-nam-vi%E1%BB%87t-nam.jpg\" class=\"center2\"> </br>\r\n<p>Riêng nấm lim xanh mọc lên từ thân còn phân thành nhiều loại là nấm mọc lên từ vỏ cây, lõi cây và tầng giữa của thân cây. Ngoài ra, người ta cũng phân loại nấm lim xanh dựa trên màu sắc của chúng, bao gồm:</p>\r\n\r\n<p>Nấm lim xanh màu đỏ gọi là hồng linh chi</p>\r\n<p>Nấm lim xanh màu đen gọi là hắc linh chi</p>\r\n<p>Nấm lim xanh màu vàng gọi là hoàng linh chi</p>\r\n<p>Nấm lim xanh màu tím than gọi là tử linh chi</p>\r\n<p>Nấm lim xanh màu trắng gọi là bạch linh chi</p>\r\n<p>Nấm lim xanh màu xanh lục gọi là thanh linh chi</p>\r\n<p>Từ đâu mà nấm linh chi lại có màu sắc khác nhau? Thực tế, tùy vào từng vị trí mọc trên cây lim xanh sẽ quyết định màu sắc của loại nấm này. Theo đó, hồng linh chi mọc lên từ rễ cây, hắc linh chi mọc từ vỏ, thanh linh chi, hoàng linh chi và tử linh chi mọc lên từ tầng giữa cây, bạch linh chi mọc lên từ lõi của thân cây lim xanh.</p>\r\n\r\n<p>Nhiều năm trở lại đây, người dân bắt đầu tìm thấy loại nấm lim xanh này nhiều hơn tại các khu rừng nguyên sinh ở Bắc và Nam dãy núi Trường Sơn, Tây Nguyên, Nam Lào,…</p>\r\n\r\n<b>Tác dụng thần kỳ nấm lim xanh mang đến cho sức khỏe</b></br>\r\n<p>Với nhiều thành phần dược chất, khoáng chất và vitamin, nấm lim xanh mang đến rất nhiều tác dụng thần kỳ cho sức khỏe người sử dụng. Chúng ta có thể điểm qua một số tác dụng điển hình nhất:</p>\r\n\r\n<p>Điều trị các bệnh ung thư trong y học hiện đại như ung thư gan, ung thư phổi, ung thư cổ tử cung,…</p>\r\n<p>Tác dụng thanh lọc, giải độc cơ thể, giải rượu, giảm mỡ trong máu</p>\r\n<p>Cải thiện chức năng giải độc của gan, điều trị các chứng viêm gan, xơ gan, gan nhiễm mỡ, suy giảm chức năng gan,…</p>\r\n<p>Điều hòa huyết áp, trị bệnh tiểu đường, bệnh gout</p>\r\n<p>Tăng cường sinh lực cho cơ thể, tăng sức đề kháng chống lại bệnh tật</p>\r\n<p>Chống lão hóa, làm đẹp da, giảm rụng tóc và làm tóc đen hơn</p>\r\n<p>Điều trị các chứng đau nhức xương khớp, tai biến mạch máu não</p>', '<p>Theo Đông y, nấm lim xanh thuộc loại thuốc quý có vị đắng và tính bình. Có thể dùng nấm lim xanh ở dạng tươi hay dạng phơi khô để làm thuốc. Bạn đọc có thể tham khảo một số cách dùng như sau:</p>\r\n\r\n<p>Hãm nước sôi: dùng 3 – 4 cây nấm lim xanh phơi khô chừng 30g đem rửa sạch rồi thái thành miếng mỏng. Cho nấm đã sơ chế vào bình, chế một lần nước sôi tráng qua nấm rồi tiếp tục chế 700ml nước sôi hãm nấm trong khoảng 30 phút là được</p>\r\n<p>Đun nước uống: dùng chừng 30g nấm lim xanh khô rửa sạch thái thành miếng mỏng như dùng để hãm. Cho nấm đã sơ chế vào nồi đã thêm vào khoảng 1 lít nước sạch, đun sôi nhỏ lửa 10 – 15 phút rồi bắc xuống khỏi bếp</p>\r\n<p>Tán bột: dùng nấm lim xanh khô tán mịn thành bột tại nhà hoặc đến các cơ sở nhận xay, nghiền bột, bảo quản nơi thoáng mát. Khi sử dụng đem bột ra chế với nước sôi uống như trà</p>\r\n<p>Ngâm rượu: dùng nấm lim xanh dạng tươi hay khô đều được, ngâm cùng rượu uống mỗi ngày 10 – 15ml giúp chữa đau nhức xương khớp, an thần</p>', 'https://duoclieuthaison.com/wp-content/uploads/2020/10/tac-dung-cua-nam-lim-xanh.jpg'),
(000005, 000011, 'Uống Cây An Xoa Kiêng Ăn Gì? Cách Dùng cây An Xoa Hiệu Quả', '<p>Nếu như bạn có tìm hiểu về các cây thuốc Nam, bạn sẽ nhận thấy rằng nó luôn mang lại hiệu quả trị bệnh triệt để. Đồng thời cây thuốc Nam thường sẽ có thành phần lành tính và ít gây ra tác dụng phụ cho người dùng, có thể kết hợp với phương pháp điều trị Tây Y. Một trong những loại thảo dược trị bệnh hiệu quả, lành tính hàng đầu không thể kể thiếu là cây An Xoa. Tuy nhiên để loại thuốc này phát huy tối đa công dụng thì việc kiêng cữ là điều không thể bỏ qua. Nếu bạn muốn biết uống cây An Xoa kiêng ăn gì? Vì sao? Bạn đừng vội vàng bỏ qua nội dung bài viết dưới đây nhé.</p>\r\n<img src=\"https://vinmec-prod.s3.amazonaws.com/images/20211201_142453_015112_cay-an-xoa-co-tac-d.max-1800x1800.jpg\" class=\"center2\"> </br>\r\n<b>Vài nét về thảo dược An Xoa</b></br>\r\n<p>Loài cây này thuộc họ thân gỗ, có chiều cao trùng bình từ 1m – 3m và sống được trong nhiều năm. Đặc điểm dễ nhận biết nhất của cây thuốc là toàn bộ cây phủ lông tơ trắng xóa, hoa có màu tím kích thước nhỏ.</p>\r\n\r\n<p>Loài cây này ưa sống trong môi trường ẩm ướt quanh năm nên ngoài tự nhiên bạn có thể dễ dàng tìm thấy cây tại ven sông, suối hay dưới tán cây trong rừng.</p>\r\n\r\n<p>Tất cả các bộ phận của cây An Xoa đều có thể được dùng để làm thuốc. Tuy nhiên để duy trì hiệu suất thu hoạch cây cung ứng cho thị trường dược liệu, phần rễ của cây sẽ được giữ lại. Cụ thể những bộ phận dùng làm thuốc phổ biến nhất của cây An Xoa là: Thân, cành, lá.</p>\r\n\r\n<p>An Xoa là thảo dược tính hàn, vị ngọt nhẹ, lá có chút vị đắng, hương thơm không quá nồng. Không chỉ trong Đông Y, các nhà khoa học của Tây Y cũng đã tìm ra những thành phần dược chất có lợi trong cây thuốc. Dược liệu An Xoa thường được sử dụng trong việc điều trị các bệnh về gan, ổn định huyết áp, chữa chứng mất ngủ, suy giảm sức khỏe…</p>\r\n<img src=\"https://product.hstatic.net/1000281275/product/cay_an_xoa_tuoi_08a0249eea9844459492b5d3259f2ff3.jpg\" class=\"center2\"> </br>\r\n<b>Uống cây An Xoa cần kiêng ăn gì?</b></br>\r\n<p>Cây An Xoa đã được nghiên cứu và khẳng định không chứa độc tố làm ảnh hưởng đến sức khỏe người dùng. Tuy nhiên trong suốt quá trình sử dụng, nếu muốn cây thuốc phát huy hết công dụng của nó và hạn chế những tác dụng phụ không mong muốn do các thành phần dược chất tác động qua lại. Những món ăn người bệnh nên kiêng trong thời gian uống thuốc An Xoa là: Đồ chiên nhiều dầu mỡ, lượng đạm lớn từ động vật, mỡ và nội tạng động vật, các loại thức uống kích thích, rau dền, trái sung, các loại trà thảo mộc. cua đồng, sữa…</p>\r\n\r\nTại sao uống cây An Xoa bắt buộc phải ăn kiêng?\r\n<p>Nhiều bệnh nhân thắc mắc rằng tại sao cây An Xoa không chứa độc tố nhưng vẫn phải ăn kiêng? Vì cơ bản, sử dụng thuốc Nam trong điều trị bệnh cần mất nhiều thời gian hơn để cơ thể tập làm quen, chấp nhận các dược chất và dần hồi phục thể trạng, cải thiện tổn thương.</p>\r\n\r\n<p>Vì thế thời gian điều trị bệnh bằng cây thuốc Nam sẽ mang tính lâu dài và yêu cầu sự đều đặn. Các dược chất có trong cây An Xoa sẽ không còn toàn vẹn nếu trong suốt quá trình tác động vào cơ thể đều bị các chất “xung khắc” cản trở. Vì thế, để thuốc phát huy công dụng, nâng cao hiệu quả và rút ngắn thời gian điều trị.</p>\r\n\r\n<p>Cây An Xoa có công dụng giải độc, thanh nhiệt và loại bỏ độc tố có hại cho cơ thể ra bên ngoài. Vì thế, nếu muốn cơ chế này của cây thuốc không bị ảnh hưởng thì người bệnh cần kiêng ăn: Sò, ngao, cá biển, lòng trắng trứng, nhộng. Đây là những loại thức ăn có nguy cơ dị ứng cao và giảm tác dụng của thuốc.</p>\r\n\r\n<p>Trong cây An Xoa có thành phần giúp cải thiện tinh thần, ngủ ngon và giảm căng thẳng cho bệnh nhân. Vì thế trong suốt quá trình dùng thuốc bạn cần chú ý tránh ăn những món có tính kích thích thần kinh như: Thịt chó, ớt, hạt tiêu, rượu. Những dòng thực phẩm này khiến lượng nhiệt xấu trong cơ thể tăng cao, không thoát được ra bên ngoài.</p>\r\n\r\n<p>Cây An Xoa là thảo dược có tính hàn, vì vậy để thuốc mang lại công dụng tốt nhất thì không nên bổ sung thêm thức ăn tanh, lạnh như: Thịt trâu, ba ba, cua, ốc, rau dền, mồng tơi, rau sống.</p>\r\n\r\n<p>Trong thời gian sử dụng cây An Xoa để điều trị bệnh. Bạn càng không nên dùng sữa, cà phê, trà xanh hay các loại trà thảo mộc. Vì trong thuốc có nhiều thành phần hóa học khác nhau. Nếu như để những chất trong cây thuốc gặp và tác động qua lại với trà, cà phê dễ tạo thành những phức hợp chất hóa học mới. Từ đó cản trở cơ thể hấp thụ dược chất của thuốc và giảm công dụng của thuốc với tình trạng bệnh</p>', '</br><b>Cây an xoa hỗ trợ chữa bệnh ung thư gan</b></br>\r\n<p>Nguyên liệu: Chuẩn bị thân và lá của an xoa phơi khô cùng với sao vàng hạ thổ mỗi loại 100g, đem sắc với 150 lít nước cho đến khi còn 800ml nước thì để nguội và uống hết trong ngày. Sau khi ăn khoảng 20 phút nên uống vì nó sẽ đạt hiệu quả cao hơn.</p>\r\n\r\n<p>Sử dụng sắc uống thường xuyên sẽ làm giảm đi sự phát triển của các khối u ngoài ra nó còn có thể chống oxy hóa và bảo vệ gan cực kì tốt.</p>\r\n\r\n<b>Cây an xoa chữa bệnh viêm gan B</b></br>\r\n<p>Nguyên liệu: Chuẩn bị 50g an xoa, 30g cà gai leo, 20g mật nhân (cây bá bệnh), 20g hạ khô thảo. Đem sắc với 2 lít nước cho đến khi còn lại 700ml nước thì chia đều ra 3 lần và uống hết trong ngày.</p>\r\n\r\n<p>Sử dụng uống nhiều lần rất tốt cho gan, đặc biệt cây an xoa và cây cà gai leo rất tốt trong việc hỗ trợ chữa trị về gan đặc biệt là viêm gan B.</p>\r\n\r\n<b>Cây an xoa trị bệnh xơ gan</b></br>\r\n<p>Nguyên liệu: Chuẩn bị 50g cây an xoa sao vàng hạ thổ cùng với 20g bán chi liên, 30g cây cà gai leo, bí kì nam</p>\r\n\r\n<p>Rửa sạch các vị thuốc trước khi sắc uống, sau đó đem sắc với 1,5 lít nước khoảng 20 phút là có thể sử dụng được. Chia ra uống sau mỗi bữa ăn và uống hết trong ngày.</p>\r\n\r\n<p>Sử dụng thường xuyên sẽ giúp phục hồi tái tạo lá gan ngày càng khỏe hơn.</p>', 'https://vinmec-prod.s3.amazonaws.com/images/20211201_142453_015112_cay-an-xoa-co-tac-d.max-1800x1800.jpg'),
(000006, 000001, 'Lá Xạ Đen khô có tác dụng gì? Điều cần tránh khi sử dụng', '<p>Dân gian Việt Nam ta có rất nhiều bài thuốc quý từ các nguyên liệu tự nhiên giúp điều trị bệnh hiệu quả, triệt để và không gây ra tác dụng phụ. Một trong những loại dược liệu quý không thể thiếu trong danh sách đó là cây Xạ Đen. Phần thường được dùng làm thuốc nhất của loại cây thân thảo này là lá. Bạn đã từng thắc mắc lá Xạ Đen khô có tác dụng gì hay chưa? Đồng thời điều cần tránh khi sử dụng loại thảo dược này là gì? Tất cả thông tin giải  đáp cho vấn đề này đều nằm ở bài viết bên dưới. Để cập nhật thêm những thông tin bổ ích, bạn đừng bỏ qua bài viết dưới đây nhé.</p>\r\n<img src=\"https://images.baodantoc.vn/uploads/2022/Th%C3%A1ng%209/Ng%C3%A0y_14/Thanh/cay-xa-den-av-t-1528685348-562-width640height480_schema_article.jpg\" class=\"center2\"> </br>\r\n<b>10 tác dụng không ngờ đến của lá Xạ Đen khô</b></br>\r\n<b>1. Hỗ trợ điều trị ung thư</b></br>\r\n<p>Một trong những công dụng nổi bật hàng đầu của lá cây Xạ Đen đó là phòng ngừa và hỗ trợ điều trị bệnh ung thư. Hoạt chất tham gia trực tiếp vào nhiệm vụ này đó là Flavonoid – Dược chất có tác dụng chống oxy hóa cao.</p>\r\n\r\n<p>Thành phần này trong cây Xạ Đen đảm nhiệm vai trò làm chậm quá trình oxy hóa của các gốc tự do. Từ đó các vấn đề liên quan đến ung thư, lão hóa hay phá hủy tế bào cũng được ức chế để đảm bảo sức khỏe cho người dùng.</p>\r\n\r\n<p>Mặc dù Xạ Đen không hoàn toàn điều trị dứt điểm ung thư nhưng có có công dụng:\r\n\r\n<p>Giảm đau đớn và những tác dụng phụ xuất hiện sau khi xạ trị, hóa trị.\r\nNgăn chặn tế bào ung thư phát triển nhanh và di căn.\r\nGóp phần ức chế quá trình oxy hóa các gốc tự do.\r\nHiện tại, lá Xạ Đen được ứng dụng rộng rãi trong cả Đông và Tây Y với công dụng hỗ trợ và tham gia vào quá trình điều trị những căn bệnh liên quan đến ung thư, u bướu.</p>\r\n\r\n<b>2. Hỗ trợ điều trị bệnh tiểu đường</b></br>\r\n<p>Bệnh tiểu đường không gây ảnh hưởng trực tiếp đến sức khỏe bệnh nhân. Tuy nhiên nếu để bệnh diễn biến phức tạp kéo dài thì sẽ dẫn đến nhiều hệ lụy nguy hiểm. Điều trị bệnh tiểu đường bằng phương pháp Tây Y đòi hỏi sự kiên trì và dường như không thể trị dứt điểm. Vì thế, kết hợp điều trị Tây Y cùng uống cây Xạ Đen sẽ giúp rút ngắn thời gian điều trị.</p>\r\n\r\n<p>Theo đó, các bệnh nhân bị tiểu đường kiên trì sử dụng Xạ Đen trong thời gian dài đã nhận thấy kết quả tích cực, lượng đường huyết  được duy trì ở mức ổn định.</p>\r\n\r\n<b>3. Công dụng điều trị các bệnh viêm nhiễm</b></br>\r\n<p>Những căn bệnh lở loét và viêm nhiễm có thể được chữa khỏi nhờ lá Xạ Đen khô. Vì thành phần bên trong cây thảo dược có công dụng thúc đẩy quá trình làm lành vết thường. Đặc biệt, người bị bệnh lậu cũng có thể giảm bớt triệu chứng khó chịu khi uống loại thuốc này.</p>\r\n\r\n<b>4. Tăng sức đề kháng, hỗ trợ giảm đau</b></br>\r\n<p>Trong cây Xạ Đen chứa những thành phần dưỡng chất tốt cho cơ thể. Vì thế, loại thảo dược này còn được dùng để tăng sức đề kháng, hỗ trợ giảm đau hiệu quả. Sử dụng lá Xạ Đen khô giúp làm chậm các chặn bệnh lão hóa ở người già và giảm triệu chứng đau nhức xương khớp.</p>\r\n\r\n<b>5. Hỗ trợ loại bỏ Cholesterol xấu trong máu</b></br>\r\n<p>Những căn bệnh về máu nhiễm mỡ có thể được cải thiện nhờ uống nước lá Xạ Đen khô. Tác dụng chính của loại lá này là giảm thiểu lượng Cholesterol xấu trong máu, góp phần tăng cường sức khỏe cho người dùng.</p>\r\n\r\n<b>6. Có công dụng điều trị huyết áp cao</b></br>\r\n<p>Huyết áp cao là căn bệnh tiềm ẩn nhiều mối nguy hiểm đối với những ai đang mắc phải. Sử dụng lá Xạ Đen khô hàng ngày sẽ giúp khí huyết trong máu lưu thông ổn định, điều hào và duy trì huyết áp cho người bệnh.</p>\r\n\r\n<b>7. Có thể cải thiện tình trạng mất ngủ</b></br>\r\n<p>Một trong những nguyên nhân hàng đầu của lá Xạ Đen khô mà bạn không thể bỏ qua đó là giúp cải thiện chất lượng giấc ngủ. Nước Xạ Đen giúp thanh lọc cơ thể, trấn an tinh thần và giúp cơ thể thêm khỏe khoắn, ngủ ngon giấc hơn.</p>\r\n\r\n<b>8. Chữa bệnh nổi mẩn đỏ, mề đay, mụn nhọt do nóng trong</b></br>\r\n<p>Với cơ chế thanh nhiệt, giải độc, mát gan, sử dụng lá Xạ Đen khô đều đặn mỗi ngày sẽ giúp người bệnh tiêu trừ mụn nhọt, mẩn ngứa, rôm sảy, mề đay, ngứa lở loét.</p>\r\n\r\n<b>9. Chữa các căn bệnh về gan</b></br>\r\n<p>Những vấn đề về gan khiến bệnh nhân cảm thấy đau đớn, mệt mỏi. Thành phần dược chất có trong Xạ Đen sẽ góp phần điều trị, phục hồi và phòng chống những tổn thương ở gan. Uống nước lá Xạ Đen khô đều đặn sẽ giúp loại bỏ những căn bệnh về gan như: Viêm gan, xơ gan, men gan cao, suy giảm chức năng gan.</p>\r\n\r\n<b>10. Hiệu quả trong việc cải thiện tuần hoàn máu</b></br>\r\n<p>Một trong những công dụng tuyệt vời nhất của lá Xạ Đen khô đó là cải thiện tuần hoàn máu, giúp cơ thể giảm đi triệu chứng mệt mỏi.</p>', '<b>Dùng thân và lá hỗ trợ điều điều trị ung thư</b></br>\r\n<p>Cây xạ đen Hòa Bình được dùng làm thuốc điều trị nhiều bệnh ung thư như: ung thư vòm họng, ung thư gan, ung thư cổ tử cung,… Dưới đây là bài thuốc từ xạ đen dùng để hỗ trợ và điều trị các bệnh này.</p>\r\n\r\n<p>Chuẩn bị:</p>\r\n\r\n<p>30g thân, lá xạ đen Hòa Bình.\r\n30g an xoa\r\n30g bạch hoa xà\r\n15g bán chi liên\r\n 25g mảnh cộng (cây xương khỉ)</p>\r\n<p>Cách thực hiện: Rửa sạch các vị thuốc, sắc với 1.5 lít nước lọc, đun còn 2 bát. Chia uống 2 lần sau mỗi bữa ăn. Nên uống thuốc lúc còn nóng để đạt hiệu quả cao.</p>\r\n\r\n<b>Dùng điều trị các bệnh về gan, viêm gan B</b></br>\r\n<p>Bài thuốc từ xạ đen có tác dụng tốt trong việc trị các bệnh về gan, ngoài ra nó còn giúp bổ gan, thận.</p> \r\n\r\n<p>Chuẩn bị:</p>\r\n\r\n<p>30g xạ đen Hòa Bình (cả lá và thân)\r\n30g cà gai leo\r\n20g mật nhân (cây bá bệnh)\r\n20g nhân trần\r\n20g cây chó đẻ (Diệp hạ châu)\r\nCách thực hiện: Rửa sạch từng loại dược liệu. Sau đó đem thuốc sắc với 1.5 lít nước. Khi sôi, giảm nhỏ lửa, nấu thêm 15 phút rồi tắt bếp. Lấy nước này uống 2 lần 1 ngày để trị bệnh.</p>', 'https://images.baodantoc.vn/uploads/2022/Th%C3%A1ng%209/Ng%C3%A0y_14/Thanh/cay-xa-den-av-t-1528685348-562-width640height480_schema_article.jpg'),
(000007, 000027, 'Cây dừa cạn: Công dụng chữa ung thư và cách dùng gây ngỡ ngàng', '<p>Cây dừa cạn (bông dừa cạn) là dược liệu có tác dụng hỗ trợ điều trị ung thư, tiểu đường, cao huyết áp. Cùng tìm hiểu hình ảnh, công dụng, cách dùng cây hoa dừa cạn.\r\n\r\n<p>Người ta biết đến dừa cạn là một loại cây cảnh có hoa rất đẹp, mọc nhiều trong vườn nhà. Nhưng ít người biết rằng đây còn là một vị thuốc rất có lợi cho sức khỏe. Từ xưa, nhiều người đã biết tận dụng những tác dụng của cây dừa cạn để thu được hiệu quả tốt trong điều trị bệnh.\r\n<img src=\"https://chohoaviet.com/wp-content/uploads/2016/04/dua-can11.jpg\" class=\"center2\"> </br> \r\n\r\n<b>Tên gọi khác của cây dừa cạn</b></br>\r\n<p>Ngoài tên thường gọi, dừa cạn còn nhiều tên gọi khác như: Hoa dừa cạn, bông dừa cạn, rau dừa cạn, cây dừa cảnh, dừa kiểng, cây hải đằng, trường xuân, cây dương giác,…</p>\r\n\r\n<p>Theo các nhà thực vật học, cây thuốc này có tên khoa học là Catharanthus Roseus, thuộc họ Trúc Đào.</p>\r\n\r\n<b>Mô tả hình ảnh cây dừa cạn</b></br>\r\n<p>Sau đây là một số cách để nhận biết được cây bông dừa cạn ở ngoài tự nhiên, phân loại và những bộ phận có thể sử dụng để làm thuốc từ thảo dược này.</p>\r\n\r\n<b>Đặc điểm, cách nhận biết ngoài tự nhiên </b></br>\r\n<p>Ngoài trồng làm cảnh, hoa dừa cạn cũng mọc hoang khá nhiều trong tự nhiên. Khi còn nhỏ, cao khoảng 0,4m đến 0,8m, rễ cây dừa cạn phát triển rất tốt, ở phía gốc cây là thân gỗ, còn ở phần trên thì thân mềm. Thường phát triển thành 1 bụi.</p> \r\n\r\n<p>Lá dừa cạn mọc đối xứng nhau, dài, hơi nhọn ở phía đầu lá, cuống lá thì nhọn và hẹp, chiều dài khoảng 4cm – 8cm, rộng khoảng 1cm – 2,5cm. Bông dừa cạn tùy loại mà có màu sắc riêng, chủ yếu là màu trắng và màu hồng, mùi thơm nhẹ, thường mọc lẻ giữa các kẽ lá ở phía trên. </p>\r\n\r\n<b>Tác dụng dược lý của cây dừa cạn</b></br>\r\n<p>Ngoài công dụng để trang trí, làm đẹp phong cảnh, dừa cạn còn có nhiều công dụng hữu ích trong y học. Sau đây là tác dụng của cây dừa cạn theo góc nhìn của Đông y và y học hiện đại.</p>\r\n\r\n<p>Trong Đông y, loài cây này được xem như là một trong những loại dược liệu quý giá. Cây bông dừa cạn có tính mát, vị hơi đắng. Trong y học hiện đại, các nhà nghiên cứu tìm thấy bên trong dừa cạn có chứa các hoạt chất rất có lợi cho cơ thể. Sau đây là một số công dụng của cây dừa cạn mà ta cần biết:</p>\r\n\r\n<p>Giúp phòng chống và hỗ trợ trị bệnh ung thư, đặc biệt là bệnh ung thư máu.\r\nTác dụng hỗ trợ điều trị tiểu đường, giúp ổn định đường huyết.\r\nGiúp ăn ngon, giấc ngủ sâu hơn.\r\nHỗ trợ điều trị bệnh máu trắng có hiệu quả rất bất ngờ.\r\nGiúp hạ huyết áp.\r\nĐiều trị đau nhức về xương khớp.\r\nChữa bỏng nhẹ, giảm đau rát, giúp vết thương mau lành da.</p>', '<b>Dùng cho bệnh nhân ung thư </b></br>\r\n<p>Nguyên liệu: </p>\r\n\r\n<p>30g cây hoa dừa cạn.\r\n30g cây xạ đen.\r\n20g hoa đu đủ đực.\r\n20g bán chi liên.\r\n20g bạch hoa xà.</p>\r\n<p>Cách làm: \r\n\r\n<p>Mang tất cả vị thuốc rửa sạch rồi cho vào ấm sắc, nấu với khoảng 1,5 lít nước, đun sôi cho đến khi còn khoảng 300ml – 350ml là có thể sử dụng được. </p>\r\n\r\n<p>Chờ cho thuốc nguội bớt rồi uống, chia thuốc làm 3 lần uống, nên sử dụng thuốc hết trong ngày. Mỗi ngày ta uống 1 thang thuốc sau bữa ăn khoảng nửa tiếng.</p>\r\n\r\n<p>Căn bệnh này đòi hỏi chúng ta phải kiên trì mà sử dụng thuốc liên tục khoảng 3 tháng đến 6 tháng thì mới có thể thu được kết quả. Cần phải sắc thuốc đậm đặc hơn đối với những bệnh nhân đang bị nặng. </p>\r\n\r\n<b>Hỗ trợ điều trị tăng huyết áp</b></br>\r\n<p>Nguyên liệu: </p>\r\n\r\n<p>165g cây dừa cạn khô.\r\n145g cam thảo đất.\r\n125g đỗ trọng.\r\n105g chi tử.\r\n165g cỏ xước.\r\n185g lá đinh lăng.\r\n155g hoa hòe.\r\n<p>Cách làm:</p>\r\n\r\n<p>Mang tất cả các cây thuốc rửa sạch rồi phơi khô. Sau đó đem đi sao cho giòn, giã nhuyễn (vụn) các nguyên liệu ra rồi để vào hộp, nên bảo quản trong hộp đậy nắp kín để tránh bay hơi.</p>\r\n\r\n<p>Mỗi ngày, có thể dùng khoảng 40g hoặc 45g hãm chung với 1 lít nước sôi trong khoảng 10 – 15 phút là có thể dùng thay cho nước trà. Kiên trì sử dụng để có thể thấy được hiệu quả mà nó mang đến.</p>', 'https://chohoaviet.com/wp-content/uploads/2016/04/dua-can11.jpg'),
(000008, 000032, 'Cây lạc tiên: Tác dụng chữa mất ngủ và cách dùng vị thuốc quý', '<p>Cây lạc tiên là vị thuốc quý với tác dụng an thần, chữa mất ngủ hiệu quả. Ngoài làm rau ăn, nó được nhân dân sử dụng rộng rãi như một liều thuốc giúp ngủ ngon, giải tỏa căng thẳng.</p>\r\n\r\n<b>Vậy uống cây lạc tiên nhiều có tốt không? Phụ nữ mang thai sử dụng được không? Cùng tìm câu trả lời qua bài viết sau đây.</b></br>\r\n\r\n<img src=\"https://file.medinet.gov.vn/UploadImages/tytxadongthanh/2020_8/Tuan%2034/1598192470152.png\" class=\"center2\"> </br>\r\n\r\n<p>Lạc tiên là thực vật thân leo thường được tìm thấy tại những vùng hoang vu đồi núi hoang dã. Đây cũng là thảo dược được xếp vào danh sách các bài thuốc chữa bệnh mất ngủ hiệu quả. Thảo dược có tên khoa học là Passiflora foetida thuộc họ Lạc tiên.</p> \r\n\r\n<p>Bên cạnh đó, dân gian còn gọi nó là dây bầu đường, cây chùm bao, cây lồng đèn, nhãn lồng, tây phiên liên,… Ngoài làm rau ăn hàng ngày, nó còn có công dụng như một liều thuốc an thần giúp tĩnh tâm và điều trị mất ngủ vô cùng hiệu quả.</p> \r\n\r\n<b>Dưới đây là một số thông tin về cách nhận biết, phân bố, thành phần và cách chế biến lạc liên, mời bạn tham khảo.</b></br>\r\n\r\n<b>Nhận biết cây lạc tiên</b></br>\r\n<p>Bạn có thể nhận biết cây thuốc thông qua một số đặc điểm sau đây:\r\n\r\n<p>Đây là loại cây thân leo, xung quanh thân có nhiều tua cuốn xung quanh, bên trong dây rỗng. Toàn bộ xung quanh thân đều có lông tơ, mềm, mỏng.</p>\r\n\r\n<p>Lá dài khoảng 5-8cm, đường kính khoảng 7cm, lá có hình trái tim, mọc đối xứng, có lông tơ và có 3 thuỳ nhọn ở đầu. Cuống lá dài bên dưới nách là tua cuốn, quấn tròn. Phía trên mặt lá có màu xanh thẫm.</p>\r\n\r\n<p>Quả tròn, mọc đơn lẻ, kích thước dài khoảng từ 1-4cm và xung quanh bao bọc bởi tua lá. Khi quả chín sẽ có màu vàng đậm, mọng nước và có thể ăn được. Vỏ bên ngoài khá mỏng bên trong chứa nhiều hạt và chứa nhiều chất dịch.</p>\r\n\r\n<p>Quả khi còn non có vị chua, khi chín thì có vị ngọt. Thông thường, cho ra quả vào mùa hè hàng năm. </p>\r\n\r\n<p>Hoa có màu trắng tinh khiết, trông rất đẹp. Hoa có nhuỵ vàng, nhiều cánh nhỏ và pha chút màu tím. Tràng hoa có hình sợi tơ, có khoảng từ 40-50 sợi trong mỗi tràng hoa. Hoa thường nở vào khoảng tháng 4 đến tháng 6 hàng năm.</p>\r\n\r\n<b>Nơi phân bố cây lạc tiên</b></br>\r\n<p>Lạc tiên là loại thực vật có nguồn gốc từ Mexico, Trung Mỹ, Nam Mỹ và vùng đất caribe hoang dã. Tại Việt Nam, loại thực vật này được phân bố rải rác tại các vùng núi cao từ 500-1000m nhất là ở khu vực phía Bắc như Yên Bái, Hòa Bình, Quảng Ninh, Bắc Giang,… Đôi khi có thể nhìn thấy nó tại một số khu vực đồng bằng như Bình Phước, Hải Dương, Thái Bình.</p>', '<b>Pha trà (nấu nước) lạc tiên</b></br>\r\n<p>Pha trà lạc tiên là cách sử dụng đơn giản và rất tiện lợi. Để hãm trà, bạn chỉ cần 10-15g cây khô, cho vào nước sôi, hãm như trà tầm 15 phút và chiết ra sử dụng. Bạn có thể dùng thay thế các loại trà khác uống trong ngày.</p>\r\n\r\n<p>Ngoài ra, thay vì hãm trà, bạn có thể nấu nước lạc tiên trong 20-30 phút. Đợi nước cô cạn còn 1 bát thì lấy uống. Cách này giúp tận dụng hết dược chất quý trong cây thuốc</p>\r\n\r\n<b>Lạc tiên ngâm rượu</b></br>\r\n<p>Ngay sau khi thu hái, đem đi phơi hoặc sấy khô. Cho vào ngâm với rượu trắng trên 40 độ C. Ngâm từ 2-3 tháng thì có thể sử dụng được. Mỗi ngày uống khoảng 20-30ml, tránh làm dụng rượu quá mức cần thiết.</p>\r\n\r\n<b>Nấu cao lạc tiên</b></br>\r\n<p>Nấu cao hiện nay còn là phương pháp còn khá xa lạ với mọi người. Bạn có thể sử dụng cây thuốc nấu thành cao sệt rồi bảo quản sử dụng lâu dài. Cao có mùi thơm rất đặc trưng, mùi vị dễ chịu rất dễ uống. Khi sử dụng, bạn chỉ cần dùng một muỗng nhỏ cao pha cùng với nước nóng. Ngoài ra, bạn có thể cho thêm mật ong để điều vị.</p>\r\n\r\n<b>Chế biến lạc tiên thành món ăn</b></br>\r\n<p>Nhiều gia đình người Việt sử dụng lạc tiên như một thực phẩm để chế biến trong bữa ăn gia đình. Bạn có thể dùng nó để nấu canh, xào tỏi hay có thể luộc ăn kèm với cơm trắng. Đây là cách sử dụng đơn giản, nhanh chóng và mang lại tác dụng rất cao.</p>', 'https://file.medinet.gov.vn/UploadImages/tytxadongthanh/2020_8/Tuan%2034/1598192470152.png');

-- --------------------------------------------------------

--
-- Cấu trúc bảng cho bảng `binhluan`
--

CREATE TABLE `binhluan` (
  `mabinhluan` int(6) NOT NULL,
  `noidung` varchar(255) NOT NULL,
  `ten` varchar(100) NOT NULL,
  `gmail` varchar(100) NOT NULL,
  `masanpham` int(6) UNSIGNED ZEROFILL NOT NULL,
  `manguoidung` int(6) UNSIGNED ZEROFILL NOT NULL,
  `thoigian` datetime NOT NULL DEFAULT CURRENT_TIMESTAMP
) ENGINE=InnoDB DEFAULT CHARSET=utf8mb4;

--
-- Đang đổ dữ liệu cho bảng `binhluan`
--

INSERT INTO `binhluan` (`mabinhluan`, `noidung`, `ten`, `gmail`, `masanpham`, `manguoidung`, `thoigian`) VALUES
(7, 'Chất lượng tốt, sẽ ủng hộ thêm', 'Văn Khánh', 'khanh@gmail.com', 000001, 000029, '2023-05-30 20:20:24'),
(8, 'Giao hàng nhanh, tư vấn nhiệt tình', 'Xuân Toán', 'xuantoan@gmial.com', 000002, 000049, '2023-05-30 20:24:15'),
(9, 'Rất dễ uống, giao hàng nhanh', 'Kim Duyên', 'kimduyen@gmail.com', 000003, 000046, '2023-05-30 20:24:15'),
(10, 'Sản phẩm không bị cũ, đóng gói kỹ', 'Nguyễn Văn Hải', 'hai@gmail.com', 000002, 000008, '2023-05-30 20:35:00'),
(11, 'Ngâm rượu rất dễ uống', 'Nguyễn Văn Hải', 'hai@gmail.com', 000008, 000008, '2023-05-30 20:36:34'),
(12, 'Dễ uống, tư vấn nhiệt tình, sẽ ủng hộ thêm', 'Yến Nhi', 'yenvy@gmail.com', 000004, 000056, '2023-05-30 20:44:22'),
(13, 'Giao hàng nhanh, bài thuốc kèm theo rất hiệu quả ', 'Duy Việt', 'duyviet@gmail.com', 000001, 000054, '2023-06-08 21:32:26'),
(14, 'Chè rất thơm, rất dễ uống', 'Văn Cường', 'cuong@gmail.com', 000002, 000017, '2023-06-08 21:33:45'),
(15, 'Hàng chất lượng, tươi khô đều có, sẽ ủng hộ thêm', 'Nguyễn Thị Thanh Lam', 'thanhlam@gmail.com', 000009, 000045, '2023-06-08 21:36:57'),
(16, 'Giao hàng nhanh, sản phẩm tuyệt vời', 'Đình Thi', 'dinhthi@gmail.com', 000008, 000010, '2023-06-08 21:36:57'),
(17, 'Hiệu quả rất tốt, tư vấn rất nhiệt tình', 'Thanh Tuyền', 'thanhtuyen@gmail.com', 000007, 000033, '2023-06-08 21:53:29'),
(18, 'Thuốc tốt, bài thuốc hay', 'Văn Hưng', 'hiep2@gmail.com', 000001, 000007, '2023-06-11 09:31:16');

-- --------------------------------------------------------

--
-- Cấu trúc bảng cho bảng `chitietdonhang`
--

CREATE TABLE `chitietdonhang` (
  `machitietdonhang` int(6) UNSIGNED ZEROFILL NOT NULL,
  `madonhang` int(6) UNSIGNED ZEROFILL NOT NULL,
  `masanpham` int(6) UNSIGNED ZEROFILL NOT NULL,
  `soluongdat` int(11) NOT NULL,
  `tongtien` double NOT NULL
) ENGINE=InnoDB DEFAULT CHARSET=utf8mb4 COLLATE=utf8mb4_unicode_ci ROW_FORMAT=DYNAMIC;

--
-- Đang đổ dữ liệu cho bảng `chitietdonhang`
--

INSERT INTO `chitietdonhang` (`machitietdonhang`, `madonhang`, `masanpham`, `soluongdat`, `tongtien`) VALUES
(000001, 000006, 000002, 1, 150000),
(000002, 000007, 000001, 1, 150000),
(000003, 000008, 000008, 2, 120000),
(000004, 000009, 000009, 3, 800000),
(000005, 000010, 000018, 1, 1200000),
(000006, 000011, 000007, 2, 150000),
(000007, 000011, 000009, 1, 800000),
(000008, 000012, 000019, 2, 150000),
(000009, 000013, 000011, 1, 120000),
(000010, 000013, 000022, 1, 600000),
(000011, 000014, 000008, 2, 120000),
(000012, 000015, 000013, 2, 150000),
(000013, 000015, 000046, 1, 150000),
(000014, 000016, 000003, 1, 150000),
(000015, 000017, 000003, 1, 150000),
(000016, 000018, 000003, 1, 150000),
(000018, 000020, 000003, 1, 150000),
(000019, 000021, 000003, 1, 150000),
(000020, 000022, 000003, 1, 150000),
(000021, 000023, 000003, 1, 150000),
(000022, 000024, 000003, 1, 150000),
(000023, 000025, 000003, 1, 150000),
(000024, 000026, 000003, 1, 150000),
(000025, 000027, 000003, 1, 150000),
(000028, 000037, 000009, 1, 800000),
(000029, 000037, 000011, 1, 120000),
(000030, 000038, 000010, 2, 150000),
(000031, 000038, 000005, 1, 900000),
(000032, 000039, 000014, 1, 350000),
(000033, 000039, 000012, 1, 350000),
(000034, 000039, 000017, 1, 120000),
(000035, 000039, 000002, 1, 150000),
(000036, 000040, 000045, 1, 120000),
(000037, 000040, 000009, 1, 800000),
(000038, 000041, 000004, 3, 100000),
(000039, 000053, 000009, 1, 800000),
(000040, 000054, 000009, 2, 800000),
(000041, 000055, 000009, 2, 800000),
(000042, 000056, 000046, 15, 150000),
(000043, 000058, 000013, 1, 150000),
(000044, 000059, 000001, 1, 150000),
(000045, 000059, 000002, 2, 150000),
(000046, 000059, 000003, 1, 150000),
(000047, 000060, 000012, 1, 350000),
(000048, 000060, 000010, 1, 150000),
(000049, 000061, 000003, 1, 150000),
(000050, 000062, 000047, 2, 100000),
(000051, 000062, 000049, 3, 200000),
(000052, 000063, 000006, 3, 150000),
(000053, 000064, 000008, 1, 120000),
(000054, 000065, 000001, 1, 150000),
(000055, 000065, 000003, 15, 150000),
(000056, 000066, 000050, 3, 150000),
(000057, 000066, 000011, 3, 120000),
(000058, 000067, 000021, 3, 120000),
(000059, 000067, 000046, 5, 150000),
(000060, 000068, 000020, 1, 200000),
(000061, 000069, 000020, 1, 200000),
(000062, 000070, 000037, 2, 150000),
(000063, 000070, 000004, 1, 100000),
(000064, 000071, 000021, 2, 120000),
(000065, 000071, 000017, 2, 120000),
(000066, 000071, 000009, 1, 800000),
(000067, 000072, 000006, 3, 150000),
(000068, 000072, 000005, 1, 900000),
(000069, 000073, 000018, 1, 1200000),
(000070, 000074, 000037, 2, 150000),
(000071, 000074, 000003, 3, 150000),
(000072, 000075, 000003, 3, 150000),
(000073, 000076, 000021, 4, 120000),
(000074, 000077, 000009, 2, 800000),
(000075, 000078, 000017, 3, 120000),
(000076, 000078, 000012, 1, 350000),
(000077, 000079, 000027, 1, 650000),
(000078, 000079, 000006, 1, 150000),
(000079, 000080, 000039, 2, 150000),
(000080, 000080, 000001, 1, 150000),
(000081, 000081, 000043, 4, 100000),
(000082, 000081, 000009, 1, 800000),
(000083, 000082, 000037, 4, 150000),
(000084, 000082, 000008, 3, 120000),
(000085, 000083, 000012, 4, 350000),
(000086, 000084, 000044, 4, 150000),
(000087, 000084, 000002, 1, 150000),
(000088, 000085, 000021, 3, 120000),
(000089, 000085, 000004, 1, 100000),
(000090, 000086, 000007, 2, 150000),
(000091, 000086, 000043, 2, 100000),
(000092, 000087, 000049, 3, 200000),
(000093, 000087, 000019, 3, 150000),
(000094, 000088, 000029, 3, 450000),
(000095, 000088, 000002, 3, 150000),
(000096, 000089, 000003, 3, 150000),
(000097, 000089, 000023, 4, 150000),
(000098, 000090, 000034, 3, 300000),
(000099, 000091, 000021, 4, 120000),
(000100, 000091, 000011, 2, 120000),
(000101, 000092, 000011, 3, 120000),
(000102, 000092, 000020, 2, 200000),
(000103, 000093, 000009, 1, 800000),
(000104, 000094, 000034, 3, 300000),
(000105, 000094, 000011, 4, 120000),
(000106, 000095, 000020, 3, 200000),
(000107, 000095, 000009, 1, 800000),
(000108, 000096, 000005, 1, 900000),
(000109, 000096, 000011, 4, 120000),
(000110, 000097, 000021, 2, 120000),
(000111, 000097, 000048, 2, 150000),
(000112, 000098, 000020, 2, 200000),
(000113, 000099, 000004, 2, 100000),
(000114, 000099, 000020, 1, 200000),
(000115, 000100, 000017, 2, 120000),
(000116, 000100, 000006, 2, 150000),
(000117, 000101, 000001, 2, 150000),
(000118, 000101, 000004, 1, 100000),
(000119, 000102, 000002, 1, 150000),
(000120, 000103, 000003, 4, 150000),
(000122, 000105, 000001, 2, 150000),
(000123, 000106, 000002, 5, 150000),
(000124, 000106, 000001, 1, 150000);

-- --------------------------------------------------------

--
-- Cấu trúc bảng cho bảng `danhmuc`
--

CREATE TABLE `danhmuc` (
  `madanhmuc` int(3) NOT NULL,
  `danhmuc` varchar(255) COLLATE utf8mb4_unicode_ci NOT NULL
) ENGINE=InnoDB DEFAULT CHARSET=utf8mb4 COLLATE=utf8mb4_unicode_ci;

--
-- Đang đổ dữ liệu cho bảng `danhmuc`
--

INSERT INTO `danhmuc` (`madanhmuc`, `danhmuc`) VALUES
(1, 'An thần mất ngủ'),
(2, 'Bệnh về gan\r\n'),
(3, 'Bồi bổ cơ thể'),
(4, 'Cao huyết áp\r\n'),
(5, 'Dạ dày tiêu hoá\r\n'),
(6, 'Đồ ngâm rượu\r\n'),
(7, 'Giảm cân\r\n'),
(8, 'Thanh nhiệt cơ thể\r\n'),
(9, 'Sức khoẻ sinh lý\r\n'),
(10, 'Thận và tiết niệu\r\n'),
(11, 'Tê thấp xương khớp\r\n');

-- --------------------------------------------------------

--
-- Cấu trúc bảng cho bảng `donhang`
--

CREATE TABLE `donhang` (
  `madonhang` int(6) UNSIGNED ZEROFILL NOT NULL,
  `manguoidung` int(6) UNSIGNED ZEROFILL DEFAULT NULL,
  `matrangthaidonhang` int(3) NOT NULL,
  `thoigian` datetime NOT NULL DEFAULT CURRENT_TIMESTAMP,
  `tongtien` varchar(200) COLLATE utf8mb4_unicode_ci NOT NULL DEFAULT '0',
  `nguoinhan` varchar(255) COLLATE utf8mb4_unicode_ci DEFAULT NULL,
  `diachi` longtext COLLATE utf8mb4_unicode_ci NOT NULL,
  `sodienthoai` varchar(11) COLLATE utf8mb4_unicode_ci NOT NULL
) ENGINE=InnoDB DEFAULT CHARSET=utf8mb4 COLLATE=utf8mb4_unicode_ci ROW_FORMAT=DYNAMIC;

--
-- Đang đổ dữ liệu cho bảng `donhang`
--

INSERT INTO `donhang` (`madonhang`, `manguoidung`, `matrangthaidonhang`, `thoigian`, `tongtien`, `nguoinhan`, `diachi`, `sodienthoai`) VALUES
(000006, 000008, 2, '2023-01-15 12:00:00', '150,000.00 đ', 'Nguyễn Văn Hải', 'Đà Nẵng', '0987654321'),
(000007, 000008, 3, '2023-01-18 12:00:00', '150,000.00 đ', 'hai', 'Đà Nẵng', '0987654321'),
(000008, 000008, 2, '2023-01-19 12:00:00', '240,000.00 đ', 'Nguyễn Văn Hải', 'Đà Nẵng', '0987654321'),
(000009, 000007, 2, '2023-01-15 12:00:00', '2,400,000.00 đ', 'Vy Quang Hiệp', '02 Thanh Sơn, Thanh Bình, Hải Châu, Đà Nẵng', '0352572399'),
(000010, 000009, 2, '2023-01-18 12:00:00', '1,200,000.00 đ', 'Nguyễn Thị Liên', 'Thanh Bình , Hải Châu, Đà Nẵng', '0346879001'),
(000011, 000009, 3, '2023-01-18 12:00:00', '1,100,000.00 đ', 'Nguyễn Thị Liên', 'Đà Nẵng', '0346879001'),
(000012, 000010, 3, '2023-02-18 12:00:00', '300,000.00 đ', 'Trần Đình Thi', 'Quận Liên Chiểu, Thành Phố Đà Nẵng', '0352576893'),
(000013, 000010, 2, '2023-02-19 12:00:00', '720,000.00 đ', 'Trần Đình Thi', 'Quận Liên Chiểu, Thành Phố Đà Nẵng', '0352576893'),
(000014, 000007, 2, '2023-02-18 12:00:00', '240,000.00 đ', 'Vy Quang Hiệp', '02 Thanh Sơn, Thanh Bình, Hải Châu, Đà Nẵng', '0352572399'),
(000015, 000007, 2, '2023-02-19 12:00:00', '450,000.00 đ', 'Vy Quang Hiệp', '02 Thanh Sơn, Thanh Bình, Hải Châu, Đà Nẵng', '0352572399'),
(000016, 000007, 3, '2023-02-20 12:00:00', '150,000.00 đ', 'Vy Quang Hiệp', '02 Thanh Sơn, Thanh Bình, Hải Châu, Đà Nẵng', '0352572399'),
(000017, 000007, 2, '2023-02-19 12:00:00', '150,000.00 đ', 'Vy Quang Hiệp', '02 Thanh Sơn, Thanh Bình, Hải Châu, Đà Nẵng', '0352572399'),
(000018, 000007, 2, '2023-02-19 12:00:00', '150,000.00 đ', 'Vy Quang Hiệp', '02 Thanh Sơn, Thanh Bình, Hải Châu, Đà Nẵng', '0352572399'),
(000020, 000007, 3, '2023-02-20 12:00:00', '150,000.00 đ', 'Vy Quang Hiệp', '02 Thanh Sơn, Thanh Bình, Hải Châu, Đà Nẵng', '0352572399'),
(000021, 000007, 2, '2023-02-19 12:00:00', '150,000.00 đ', 'Vy Quang Hiệp', '02 Thanh Sơn, Thanh Bình, Hải Châu, Đà Nẵng', '0352572399'),
(000022, 000007, 2, '2023-02-19 12:00:00', '150,000.00 đ', 'Vy Quang Hiệp', '02 Thanh Sơn, Thanh Bình, Hải Châu, Đà Nẵng', '0352572399'),
(000023, 000007, 3, '2023-02-19 12:00:00', '150,000.00 đ', 'Vy Quang Hiệp', '02 Thanh Sơn, Thanh Bình, Hải Châu, Đà Nẵng', '0352572399'),
(000024, 000007, 2, '2023-02-19 12:00:00', '150,000.00 đ', 'Vy Quang Hiệp', '02 Thanh Sơn, Thanh Bình, Hải Châu, Đà Nẵng', '0352572399'),
(000025, 000007, 2, '2023-02-19 12:00:00', '150,000.00 đ', 'Vy Quang Hiệp', '02 Thanh Sơn, Thanh Bình, Hải Châu, Đà Nẵng', '0352572399'),
(000026, 000007, 2, '2023-02-20 12:00:00', '150,000.00 đ', 'Vy Quang Hiệp', '02 Thanh Sơn, Thanh Bình, Hải Châu, Đà Nẵng', '0352572399'),
(000027, 000007, 2, '2023-02-20 12:00:00', '150,000.00 đ', 'Vy Quang Hiệp', '02 Thanh Sơn, Thanh Bình, Hải Châu, Đà Nẵng', '0352572399'),
(000037, 000017, 2, '2023-03-20 12:00:00', '920,000.00 đ', 'Lương Văn Cường', '02 Thanh Sơn, Thanh Bình, Hải Châu, Đà Nẵng', '0352575523'),
(000038, 000017, 2, '2023-03-20 12:00:00', '1,200,000.00 đ', 'Lương Văn Cường', '02 Thanh Sơn, Thanh Bình, Hải Châu, Đà Nẵng', '0352575523'),
(000039, 000018, 2, '2023-03-20 12:00:00', '970,000.00 đ', 'Trần Thị Yến Nhi', 'Quận Liên Chiểu, Thành Phố Đà Nẵng', '0352775339'),
(000040, 000018, 2, '2023-03-20 12:00:00', '920,000.00 đ', 'Trần Thị Yến Nhi', 'Quận Liên Chiểu, Thành Phố Đà Nẵng', '0352775339'),
(000041, 000018, 2, '2023-03-20 12:00:00', '300,000.00 đ', 'Trần Thị Yến Nhi', 'Quận Liên Chiểu, Thành Phố Đà Nẵng', '0352775339'),
(000053, 000016, 2, '2023-03-20 12:00:00', '800,000.00 d', 'Hoàng Thị Thu huyền', 'Quận Liên Chiểu, Thành Phố Đà Nẵng', '0352575525'),
(000054, 000016, 3, '2023-03-20 12:00:00', '1,600,000.00 d', 'Hoàng Thị Thu huyền', 'Quận Liên Chiểu, Thành Phố Đà Nẵng', '0352575525'),
(000055, 000019, 2, '2023-04-20 12:00:00', '1,600,000.00 d', 'Lê Minh Nhật', 'Ngũ Hành Sơn, Thành Phố Đà Nẵng', '0352576890'),
(000056, 000019, 2, '2023-04-20 12:00:00', '2,250,000.00 d', 'Lê Minh Nhật', 'Ngũ Hành Sơn, Thành Phố Đà Nẵng', '0352576890'),
(000058, 000019, 3, '2023-04-20 12:00:00', '150,000.00 d', 'Lê Minh Nhật', 'Ngũ Hành Sơn, Thành Phố Đà Nẵng', '0352576890'),
(000059, 000019, 3, '2023-04-20 12:00:00', '600,000.00 d', 'Lê Minh Nhật', 'Ngũ Hành Sơn, Thành Phố Đà Nẵng', '0352576890'),
(000060, 000028, 2, '2023-04-20 12:00:00', '500,000.00 d', 'Hoàng Thị Thu Hà', 'Hoà Cầm ,Đà Nẵng', '0352676833'),
(000061, 000029, 2, '2023-04-22 12:00:00', '150,000.00 d', 'Trần Văn Khánh', 'Quận Liên Chiểu, Thành Phố Đà Nẵng', '0352576643'),
(000062, 000030, 2, '2023-04-21 12:00:00', '800,000.00 d', 'Lưu Văn Đức', 'Đà Nẵng', '0352598756'),
(000063, 000030, 3, '2023-06-11 12:00:00', '450,000.00 d', 'Lưu Văn Đức', 'Đà Nẵng', '0352598756'),
(000064, 000007, 3, '2023-01-22 12:00:00', '120,000.00 d', 'Vy Quang Hiệp', '02 Thanh Sơn, Thanh Bình, Hải Châu, Đà Nẵng', '0352572399'),
(000065, 000007, 2, '2023-01-26 12:00:00', '2,400,000.00 d', 'Vy Quang Hiệp', '02 Thanh Sơn, Thanh Bình, Hải Châu, Đà Nẵng', '0352572399'),
(000066, 000031, 2, '2023-01-25 12:00:00', '810,000.00 d', 'Nguyễn Thị Như Ý', 'Đà Nẵng', '0352676844'),
(000067, 000029, 2, '2023-01-24 12:00:00', '1,110,000.00 d', 'Trần Văn Khánh', 'Quận Liên Chiểu, Thành Phố Đà Nẵng', '0352576643'),
(000068, 000029, 2, '2023-01-24 12:00:00', '200,000.00 d', 'Trần Văn Khánh', 'Quận Liên Chiểu, Thành Phố Đà Nẵng', '0352576643'),
(000069, 000029, 2, '2023-01-24 12:00:00', '200,000.00 d', 'Trần Văn Khánh', 'Quận Liên Chiểu, Thành Phố Đà Nẵng', '0352576643'),
(000070, 000028, 3, '2023-06-10 12:00:00', '400,000.00 d', 'Hoàng Thị Thu Hà', 'Hoà Cầm ,Đà Nẵng', '0352676833'),
(000071, 000055, 2, '2023-03-26 12:00:00', '1,280,000.00 d', 'Đậu Thái Huy', 'Đà Nẵng', '0352576899'),
(000072, 000055, 2, '2023-01-26 12:00:00', '1,350,000.00 d', 'Đậu Thái Huy', 'Đà Nẵng', '0352576899'),
(000073, 000055, 2, '2023-01-26 12:00:00', '1,200,000.00 d', 'Đậu Thái Huy', 'Đà Nẵng', '0352576899'),
(000074, 000050, 1, '2023-02-26 16:26:44', '750,000.00 d', 'Nguyễn Thị Khánh Hạ', 'Đà Nẵng', '0352575529'),
(000075, 000050, 2, '2023-06-11 12:00:00', '450,000.00 d', 'Nguyễn Thị Khánh Hạ', 'Đà Nẵng', '0352575529'),
(000076, 000050, 2, '2023-03-26 12:00:00', '480,000.00 d', 'Nguyễn Thị Khánh Hạ', 'Đà Nẵng', '0352575529'),
(000077, 000042, 2, '2023-03-26 12:00:00', '1,600,000.00 d', 'Hà Trần Anh Tuấn', 'Đà Nẵng', '0352576893'),
(000078, 000042, 2, '2023-03-26 12:00:00', '710,000.00 d', 'Hà Trần Anh Tuấn', 'Đà Nẵng', '0352576893'),
(000079, 000042, 1, '2023-03-26 16:28:02', '800,000.00 d', 'Hà Trần Anh Tuấn', 'Đà Nẵng', '0352576893'),
(000080, 000033, 2, '2023-03-26 06:00:00', '450,000.00 d', 'Hoàng Thị Thanh Tuyền', 'Đà Nẵng', '0352576899'),
(000081, 000033, 2, '2023-04-26 12:00:00', '1,200,000.00 d', 'Hoàng Thị Thanh Tuyền', 'Đà Nẵng', '0352576899'),
(000082, 000033, 2, '2023-05-26 12:00:00', '960,000.00 d', 'Hoàng Thị Thanh Tuyền', 'Đà Nẵng', '0352576899'),
(000083, 000033, 2, '2023-02-26 12:00:00', '1,400,000.00 d', 'Hoàng Thị Thanh Tuyền', 'Đà Nẵng', '0352576899'),
(000084, 000033, 2, '2023-04-26 12:00:00', '750,000.00 d', 'Hoàng Thị Thanh Tuyền', 'Đà Nẵng', '0352576899'),
(000085, 000031, 0, '2023-05-26 16:31:36', '460,000.00 d', 'Nguyễn Thị Như Ý', 'Đà Nẵng', '0352676844'),
(000086, 000031, 0, '2023-02-26 16:32:00', '500,000.00 d', 'Nguyễn Thị Như Ý', 'Đà Nẵng', '0352676844'),
(000087, 000043, 2, '2023-02-26 12:00:00', '1,050,000.00 d', 'Võ Xuân Phúc', 'Đà Nẵng', '0352576893'),
(000088, 000043, 2, '2023-02-26 12:00:00', '1,800,000.00 d', 'Võ Xuân Phúc', 'Đà Nẵng', '0352576893'),
(000089, 000043, 2, '2023-02-26 12:00:00', '1,050,000.00 d', 'Võ Xuân Phúc', 'Đà Nẵng', '0352576893'),
(000090, 000043, 2, '2023-05-26 12:00:00', '900,000.00 d', 'Võ Xuân Phúc', 'Đà Nẵng', '0352576893'),
(000091, 000054, 2, '2023-05-26 12:00:00', '720,000.00 d', 'Nguyễn Duy Việt', 'Đà Nẵng', '0352575529'),
(000092, 000054, 2, '2023-05-26 16:34:45', '760,000.00 d', 'Nguyễn Duy Việt', 'Đà Nẵng', '0352575529'),
(000093, 000054, 2, '2023-05-26 12:00:00', '800,000.00 d', 'Nguyễn Duy Việt', 'Đà Nẵng', '0352575529'),
(000094, 000035, 2, '2023-05-26 12:00:00', '1,380,000.00 d', 'Nguyễn Văn Bửu', 'Đà Nẵng', '0352576892'),
(000095, 000035, 2, '2023-05-26 12:00:00', '1,400,000.00 d', 'Nguyễn Văn Bửu', 'Đà Nẵng', '0352576892'),
(000096, 000044, 2, '2023-05-26 12:00:00', '1,380,000.00 d', 'Đào Quang Huy', 'Đà Nẵng', '0352575521'),
(000097, 000044, 2, '2023-05-26 12:00:00', '540,000.00 d', 'Đào Quang Huy', 'Đà Nẵng', '0352575521'),
(000098, 000040, 0, '2023-05-28 21:36:02', '400,000.00 d', 'Nguyễn Văn Quyết', 'Đà Nẵng', '0352575527'),
(000099, 000056, 2, '2023-05-30 12:00:00', '400,000.00 d', 'Trần Thị Yến Vy', 'Đà Nẵng', '0352575900'),
(000100, 000056, 2, '2023-05-30 12:00:00', '540,000.00 d', 'Trần Thị Yến Vy', 'Đà Nẵng', '0352575900'),
(000101, 000057, 0, '2023-05-30 20:42:03', '400,000.00 d', 'Trần Quốc Huy', 'Đà Nẵng', '0345768991'),
(000102, 000008, 2, '2023-06-09 12:00:00', '150,000.00 d', 'Nguyễn Văn Hải', 'Đà Nẵng', '0987654321'),
(000103, 000060, 0, '2023-06-09 23:15:50', '600,000.00 d', 'Trần Y Tiến', 'Đà Nẵng', '0354565744'),
(000105, 000060, 0, '2023-06-10 21:42:01', '300,000.00 d', 'Trần Y Tiến', 'Đà Nẵng', '0354565744'),
(000106, 000008, 0, '2023-06-11 10:49:47', '900,000.00 d', 'Nguyễn Văn Hải', 'Đà Nẵng', '0987654322');

-- --------------------------------------------------------

--
-- Cấu trúc bảng cho bảng `loaisanpham`
--

CREATE TABLE `loaisanpham` (
  `maloai` int(6) NOT NULL,
  `loaisanpham` varchar(255) COLLATE utf8mb4_unicode_ci NOT NULL
) ENGINE=InnoDB DEFAULT CHARSET=utf8mb4 COLLATE=utf8mb4_unicode_ci;

--
-- Đang đổ dữ liệu cho bảng `loaisanpham`
--

INSERT INTO `loaisanpham` (`maloai`, `loaisanpham`) VALUES
(1, 'Bán chạy'),
(2, 'Mới'),
(3, 'Chất lượng cao'),
(4, 'Khuyến mãi đi kèm');

-- --------------------------------------------------------

--
-- Cấu trúc bảng cho bảng `mota`
--

CREATE TABLE `mota` (
  `mamota` int(3) UNSIGNED ZEROFILL NOT NULL,
  `masanpham` int(6) UNSIGNED ZEROFILL NOT NULL,
  `gioithieu` text CHARACTER SET utf8 COLLATE utf8_unicode_ci NOT NULL,
  `thanhphan` text CHARACTER SET utf8 COLLATE utf8_unicode_ci NOT NULL,
  `tacdung` text CHARACTER SET utf8 COLLATE utf8_unicode_ci NOT NULL,
  `cachdung` text CHARACTER SET utf8 COLLATE utf8_unicode_ci NOT NULL,
  `luuy` text CHARACTER SET utf8 COLLATE utf8_unicode_ci NOT NULL
) ENGINE=InnoDB DEFAULT CHARSET=utf8mb4 COLLATE=utf8mb4_unicode_ci ROW_FORMAT=DYNAMIC;

--
-- Đang đổ dữ liệu cho bảng `mota`
--

INSERT INTO `mota` (`mamota`, `masanpham`, `gioithieu`, `thanhphan`, `tacdung`, `cachdung`, `luuy`) VALUES
(001, 000001, 'Cây xạ đen có tên khoa học là Celastrus hindsii Benth. Người ta còn gọi xạ đen là cây dây gối, cây bách giải, bạch vạn hoa, dân tộc Mường gọi là cây Ung thư bởi tính năng ưu việt của loại cây này. Cây xạ đen được miêu tả khoa học từ năm 1851, được tìm thấy trong các khu rừng nguyên sinh độ cao 1000 – 1500 m so với mực nước biển.\r\n', 'Theo nghiên cứu của các bác sỹ Đông Y Bệnh viện Trung ương Quân đội 108, thành phần trong cây xạ đen chứa:\r\nFlavonoid có tác dụng chống oxy hóa, ức chế sự phát triển của tế bào xấu.\r\nQuinnon kết hợp với Flavanoid hóa lỏng các tế bào Ung thư, hỗ trợ ngăn chặn sự phát triển của các khối u, bướu.\r\nNgoài ra xạ đen có một số hoạt chất enzyme có tác dụng quý khác.\r\n', 'Tác dụng của cây xạ đen \r\nCông dụng cây xạ đen trong điều trị các loại bệnh đã được chúng minh qua các nghiên cứu chuyên sâu.\r\nXạ đen phòng ngừa và hỗ trợ điều trị Ung thư\r\nXạ đen có chứa hợp chất Flavanoid giúp chống lại sự oxi hóa, ức chế sự phát triển của các gốc tự do, sự lão hóa tế bào. Hoạt chất này góp phần không nhỏ trong quá trình ức chế các tế bào khổng lồ, các tế bào lạ xuất hiện trong cơ thể, hạn chế sự lan rộng của Ung thư.\r\nTác dụng của cây xạ đen hỗ trợ và điều trị các khối U bướu\r\nHoạt chất Quinnon kết hợp với Flavanoid hóa lỏng tế bào, ngăn chặn sự phát triển của các khối u, kể cả u bướu ác tính. Đặc biệt, cây thuốc nam cũng giúp các khối u lành tính, u xơ u nang tiêu giảm đi trong quá trình sử dụng.\r\nỔn định huyết áp, đặc biệt là huyết áp cao\r\nSử dụng cây thuốc hàng ngày mang lại huyết áp ổn định cho mọi người. Đặc biệt đối với những người huyết áp cao, thảo dược hỗ trợ điều trị rất tốt. Tuy nhiên, những người huyết áp thấp không vì thế mà không sử dụng được cây thuốc này. Để ổn định huyết áp của những người huyết áp thấp, bổ sung vài lát gừng vào xạ đen, bạn có thể sử dụng hoàn toàn bình thường.\r\nTăng cường chức năng gan, giải độc gan\r\nCác hoạt chất có trong cây thuốc còn giúp hỗ trợ điều trị viêm gan, xơ gan, men gan cao theo cơ chế giải độc gan và kháng viêm, chống lại các bệnh thứ phát. Gan nhiễm mỡ hoặc máu nhiễm mỡ cũng không có cơ hội phát triển khi cơ thể đã được bổ sung đề kháng bằng cách sử dụng trà xạ đen hàng ngày.\r\nTác dụng của cây xạ đen hỗ trợ điều trị mất ngủ, kém ăn\r\nXạ đen tốt cho những người thường xuyên mất ngủ, suy nhược cơ thể hoặc thiếu máu. Ngoài ra, xạ đen cũng giúp tăng cường tuần hoàn máu, hỗ trợ điều trị chứng hoa mắt chóng mặt.\r\n', 'Cây xạ đen là một loại thảo dược không có độc tính nên hoàn toàn có thể sử dụng như nước trà hàng ngày. Bạn có thể dùng theo cách thuốc sắc hoặc trà hãm. Sử dụng khoảng 50 gram xạ đen khô với 1.5 lít nước.\r\nNgoài ra cũng có thể sử dụng theo kiểu cô đặc, dùng 20 – 40 gram cho 1.5 lít nước, đun sôi nhỏ lửa cho tới khi còn 500 ml nước, tạo thành dạng siro dùng 2 lần một ngày\r\nThảo dược này dùng tốt nhất là vào buổi sáng, sau khi ăn 30 phút..\r\nCách pha trà:\r\nBước 1: Dùng một nhúm xạ đen( 10g) khô cho 150 ml nước\r\nBước 2: Tráng trà, dùng nước sôi đổ 1 chút vào đảm bảo nước tưới qua 1 lượt trà lắc đều ấm rồi đổ nước này đi.\r\nBước 3: Cho nước sôi ấm pha trà theo tỉ lệ pha, đợi 5-7 phút cho nước ngấm vào trà. Thưởng thức khi trà còn ấm mùi vị sẽ thơm ngon hơn.\r\nCách nấu trà:\r\nNếu như bạn không có thói quen nhâm nhi ly trà vào mỗi sáng thì cũng có thể sử dụng xạ đen để nấu nước uống thay nước hàng ngày.\r\nMỗi ngày lấy khoảng 50g phơi khô đem nấu với 1.5 lít nước uống.\r\n', 'Hiện nay trên thị trường rất nhiều nơi cung cấp dược liệu, tuy nhiên để lựa chọn được một cơ sở cung cấp sản phẩm sạch, đảm bảo chất lượng vẫn còn là một vấn đề đối với người tiêu dùng. Tiệm thuốc nam Lê Thanh với rất nhiều năm gắn bó tìm hiểu và cung cấp cho khách hàng nguồn dược liệu sạch, an toàn, chúng tôi vẫn tự tin là đơn vị cung cấp tốt nhất tới tay người mua.\r\n'),
(002, 000002, 'Từ xa xưa chè dây đã được tin tưởng như một loại thảo dược hỗ trợ điều trị hữu hiệu mà điển hình là về bệnh lý dạ dày. Loài thực vật hai lá mầm này xuất hiện trong rất nhiều nghiên cứu khoa học với công năng diệt vi trùng, vi khuẩn, giảm độ axit dạ dày, cắt cơn đau do viêm loét tá tràng. Ngoài ra cây chè dây cũng giúp hỗ trợ ổn định huyết áp, giải độc gan, tác dụng kháng viêm, làm liền các vết viêm loét.\r\n', 'Theo nghiên cứu của PGS.TS Vũ Nam và cộng sự, trong chè dây có các thành phần như:\r\nFlavanoid giúp chống lại sự oxy hóa, ức chế sự phát triển của các tế bào xấu, giúp kháng viêm, dập tắt sự phát triển của các gốc tự do.\r\nChè dây cũng chứa hai loại đường Glucase và Rhamnese.\r\nNghiên cứu về tính an toàn, dược liệu không chứa các hoạt chất có độc nên khá an toàn trong quá trình sử dụng.\r\n', 'Theo kinh nghiệm dân gian truyền lại, chè dây có giá trị rất quý về mặt dược liệu. \r\nChè dây có tác dụng thanh nhiệt, giải độc, tiêu viêm, đặc biệt hỗ trợ điều trị viêm loét dạ dày, đau bao tử.\r\nKế thừa các kinh nghiệm dân gian, các nhà khoa học Việt Nam đã công bố rất nhiều công dụng của chè dây:\r\nHỗ trợ và điều trị viêm loét dạ dày, viêm loét tá tràng, viêm hang vị dạ dày.\r\nHỗ trợ điều trị ợ hơi, đau rát thượng vị, ợ chua.Giúp an thần, hỗ trợ điều trị mất ngủ, giúp ổn định huyết áp, hỗ trợ điều trị huyết áp cao, giải độc trong cơ thể.\r\nHỗ trợ điều trị tiêu viêm, giảm đau, làm liền sẹo, làm lành vết loét diệt vi khuẩn HP, giảm quá trình viêm dạ dày, hành tá tràng.\r\nNgoài việc sử dụng chè dây để hỗ trợ điều trị bệnh dạ dày, người tiêu dùng nên kết hợp sinh hoạt lối sống lành mạnh, tránh ăn đồ cay nóng, các loại thức ăn khó tiêu hóa để đạt hiệu quả tốt nhất.\r\n', 'Cách pha trà:\r\nBước 1: Dùng một nhúm chè dây khô( 10g) khô cho 150 ml nước\r\nBước 2: Tráng trà, dùng nước sôi đổ 1 chút vào đảm bảo nước tưới qua 1 lượt trà lắc đều ấm rồi đổ nước này đi.\r\nBước 3: Cho nước sôi ấm pha trà theo tỉ lệ pha, đợi 5-7 phút cho nước ngấm vào trà. \r\nThưởng thức khi trà còn ấm mùi vị sẽ thơm ngon hơn.\r\nCách nấu trà:\r\nNếu như bạn không có thói quen nhâm nhi ly trà vào mỗi sáng thì cũng có thể sử dụng chè dây để nấu nước uống thay nước hàng ngày.\r\nMỗi ngày lấy khoảng 50-80g chè dây phơi khô đem nấu với 1.5 lít nước uống.\r\n', 'Hiện nay trên thị trường rất nhiều nơi cung cấp dược liệu, tuy nhiên để lựa chọn được một cơ sở cung cấp sản phẩm sạch, đảm bảo chất lượng vẫn còn là một vấn đề đối với người tiêu dùng. Tiệm thuốc nam Lê Thanh với rất nhiều năm gắn bó tìm hiểu và cung cấp cho khách hàng nguồn dược liệu sạch, an toàn, chúng tôi vẫn tự tin là đơn vị cung cấp tốt nhất tới tay người mua.\r\n'),
(003, 000003, 'Bồ công anh có tên khoa học là Lactuca thuộc họ Cúc, còn được biết được biết đến với tên gọi khác như cây diếp trời, cây mũi mác hay cây diếp hoang… Tuy nhiên, ở Việt Nam, tên bồ công anh vẫn thân thuộc và hữu dụng nhất. Đây là loại cây thân thảo, như bụi cỏ dại thấp khoảng 50 -70 cm. Lá mọc so le nhau, hoa màu vàng rực rỡ. Loài thực vật này thường ra hoa vào tháng 6 và kết quả vào tháng 9 hàng năm.\r\n', 'Thảo dược là loại thực vật lành tính, có thể sử dụng để làm thức ăn trong món salad bởi trong lá chứa nhiều protein hơn rau bina (rau chân vịt). Lá bồ công anh rất giàu canxi, sắt, magiê, phốt pho, kali và các loại vitamin khác.\r\nTrong Đông y, cây thuốc có tác dụng thanh nhiệt, giải độc, lợi thấp thông lâm. Đây là một vị thuốc đầu bảng trong lĩnh vực thanh nhiệt giải độc của Đông y do tác dụng tiêu độc kháng viêm mà không gây tác dụng phụ. Đây còn được ví như thuốc kháng sinh thực vật.\r\n', 'Bồ công anh mát gan, giải độc gan\r\nCó chứa nhiều hoạt chất kháng khuẩn, chống viêm và tăng cường đào thải các độc tố trong gan, tính mát từ cây thuốc còn giúp thanh nhiệt cơ thể, rất hiệu quả trong việc giải độc gan.\r\nKhông chỉ thế vị thảo dược này còn giúp đào thải axit uric gây ra bệnh Gout ở người và giảm thiểu tích tụ mỡ thừa giúp điều trị hiệu quả bệnh gan nhiễm mỡ.\r\nBồ công anh trị mụn, làm đẹp da\r\nUống trà bồ công anh mỗi ngày là giải pháp giúp bạn chăm sóc da từ bên trong vô cùng hiệu quả, lại đơn giản không mất nhiều công sức, tiền bạc. \r\nCác hoạt chất có trong thảo dược giúp thanh nhiệt cơ thể, mát gan đẩy lùi tình trạng mụn, giúp làn da luôn căng bóng, mịn màng.\r\nVà rất nhiều công dụng khác từ bồ công anhNgoài tác dụng mát gan, đẹp da và giải độc gan, thảo dược này còn mang đến nhiều công dụng khác, bao gồm:\r\nCải thiện chức năng thận: giúp lợi tiểu, thanh lọc cơ thể, ngăn ngừa sỏi đường tiết niệu, sỏi thận\r\nNgăn ngừa, phòng chống ung thư: chiết xuất thảo dược có chứa hoạt chất taraxacum officinale có khả năng ngăn chặn sự phát triển của các khối u, tế bào gây ung thư\r\nGiảm cân: sử dụng trà bồ công anh mỗi ngày là giải pháp giúp chị em phụ nữ giảm cân giữ dáng và kiểm soát cân nặng vừa an toàn, vừa hiệu quả\r\nCải thiện chức năng tiêu hóa, nhuận tràng, điều trị chứng ăn uống khó tiêu\r\nGiúp xương chắc khỏe: dược liệu có chứa nhiều khoáng chất thiết yếu cần thiết cho xương như canxi, photpho, magie giúp xương chắc khỏe, đồng thời ngăn ngừa loãng xương ở người cao tuổi\r\nLợi sữa: phụ nữ cho con bú sử dụng vị thuốc này có thể thông sữa, lợi sữa cho bé bú\r\nDùng trà bồ công anh hỗ trợ điều trị tiểu đường\r\nLàm lành các vết thương ngoài da do côn trùng đốt\r\nĐiều trị đau dạ dàyChống suy nhược cơ thểGiảm đau mắt…\r\n', 'Cách pha trà:\r\nBước 1: Dùng một nhúm 10g khô cho 150 ml nước\r\nBước 2: Tráng trà, dùng nước sôi đổ 1 chút vào đảm bảo nước tưới qua 1 lượt trà lắc đều ấm rồi đổ nước này đi.\r\nBước 3: Cho nước sôi ấm pha trà theo tỉ lệ pha, đợi 5-7 phút cho nước ngấm vào trà. Thưởng thức khi trà còn ấm mùi vị sẽ thơm ngon hơn.\r\nCách nấu trà:\r\nNếu như bạn không có thói quen nhâm nhi ly trà vào mỗi sáng thì cũng có thể sử dụng cây thuốc nam này để nấu nước uống thay nước hàng ngày.\r\nMỗi ngày lấy khoảng 50-80g phơi khô đem nấu với 1.5 lít nước uống.\r\n', 'Hiện nay trên thị trường rất nhiều nơi cung cấp dược liệu, tuy nhiên để lựa chọn được một cơ sở cung cấp sản phẩm sạch, đảm bảo chất lượng vẫn còn là một vấn đề đối với người tiêu dùng. Tiệm thuốc nam Lê Thanh với rất nhiều năm gắn bó tìm hiểu và cung cấp cho khách hàng nguồn dược liệu sạch, an toàn, chúng tôi vẫn tự tin là đơn vị cung cấp tốt nhất tới tay người mua.\r\n'),
(004, 000004, 'Cam thảo đất, hay cam thảo nam, còn được biết đến với nhiều tên gọi khác như: Dã cam thảo, trộm lây, dạ kham, quốc lão, phấn thảo, lộ thảo,… tên khoa học là Seoparia Dulcis L, họ mã đề (Plantaginaceae)', 'Cam thảo đất có chứa một lượng chất đắng rất đặc trưng cùng với một số các hoạt chất như Alcaloid, Allicin và chất acid silicic. \r\n\r\nỞ thân cây có chứa nhiều chất dầu đặc sệt cùng với các thành phần khác là Manitol, glucose, scoparia l. Ở phần gốc rễ có chứa các chất: B Sitosterol, manitol.', 'Theo Đông y, vị thuốc giúp lợi niệu, nhuận phế, sinh tân, bổ tỳ, giải độc, thanh nhiệt.\r\n\r\nUống nước cam thảo đất là cách đơn giản để giải hỗ trợ điều trị bệnh. Đặc biệt đối với những người bị ho, viêm phế quản hay tiểu đường.\r\n\r\nNgoài ra, uống trà cam thảo đất mỗi ngày giúp giảm cholesterol, giải độc gan, thanh nhiệt cơ thể, lợi tiểu. Ngăn chặn sự phát triển của các tế bào gây ung thư, giúp tăng sức đề kháng trong cơ thể.', 'Chữa cảm cúm: \r\nDùng 30g cam thảo đất, 15g bạc hà, 10g cây ngải cứu, 10g cây diếp cá. Mang toàn bộ nguyên liệu đi sơ chế sạch sẽ, phơi ráo nước. Sắc với lượng nước vừa đủ, sau khi sôi có thể lọc ra lấy nước uống. Kiên trì sử dụng đến khi triệu chứng bệnh có chuyển biến tích cực.\r\n\r\nChữa dị ứng phát ban, mẩn ngứa, mề đay\r\nDùng 15g cây cam thảo đất, 20g kim ngân hoa, 10g cây mã đề, 20g ké đầu ngựa. Mang đi sơ chế rồi sắc cùng với nước, đun với lửa vừa cho đến khi thuốc sôi thì tắt bếp, gạn lấy nước uống. Mỗi ngày chỉ nên dùng 1 thang, kiên trì sử dụng sẽ thấy hiệu quả.\r\n\r\nCam thảo đất chữa mề đay\r\n\r\nĐiều trị huyết áp cao, xuất huyết não\r\nChúng ta cần chuẩn bị 20g cam thảo đất, 15g bạch dược, 15g lá sen, 15g cây tầm gửi, 15g mạch môn, 15g sinh địa, 15g đỗ trọng. Sau khi mang về, rửa sạch lớp bụi bẩn, để ráo nước rồi bỏ tất cả nguyên liệu vào ấm sắc, sắc chung với nước. \r\n\r\nCó thể chia ra sắc thành 3 lần cho đến khi nước thuốc nhạt đi. Sử dụng mỗi ngày cho đến khi các triệu chứng thuyên giảm.\r\n\r\nĐiều trị tiểu tiện không thông\r\nSử dụng 20g cam thảo đất, 15g râu ngô, 15g cây mã đề, 15g cây râu mèo. Trộn các nguyên liệu đã chuẩn bị rồi sắc thuốc. Uống mỗi ngày 1 thang, không nên sử dụng quá liều lượng. Kiên trì sử dụng sẽ thấy tiểu tiện dễ dàng, không còn đau rát.\r\n\r\nKhi sử dụng bất kì loại thảo dược nào, ta cũng cần chú ý đến liều lượng và cách dùng của chúng. \r\n\r\nCam thảo đất tươi: 20g – 40g/ngày.\r\nCam thảo đất khô: 8g đến 12g/ngày. \r\nCách dùng: Pha trà, sắc nước uống. ', 'Có thể uống thay trà mỗi ngày nhưng nên sử dụng điều độ, vừa phải. \r\nNếu sử dụng liên tục từ 3 đến 5 ngày thì ngưng một ngày, sau đó tiếp tục như bình thường.\r\nTrước khi dùng, tốt nhất nên tham khảo trước ý kiến của thầy thuốc hoặc người đã có kinh nghiệm sử dụng để dùng có hiệu quả.\r\nHiệu quả đến nhanh hay chậm tùy thuộc cơ địa và tình trạng bệnh mỗi người.'),
(005, 000005, 'Tam thất là loài thuộc trong hàng nhân sâm mọc ở vùng núi cao. Người xưa đã phát hiện ra công dụng quý của cây tam thất và đặt cho những cái tên như: “nhân sâm tam thất”, “kim bất hoán” sự quý giá của dược liệu này còn có giá trị hơn cả vàng. Tuy nhiên, ít ai biết nụ hoa tam thất cũng là một loại thuốc quý, có nhiều dược tính tốt cho sức khỏe.\r\n', 'Saponin: Hoạt chất Saponin có nhiều ở trong củ tam thất bắc, tuy nhiên trong hoa tam thất cũng chứa thành phần này, có tác dụng hỗ trợ quá trình kháng viêm, chống lão hóa tế bào, tác động tới các hệ như hệ thần kinh, hệ tim mạch,… tăng cường chức năng tim mạch, ổn định huyết áp.\r\nNgoài ra, vị thuốc còn chứa rất nhiều thành phần như hợp chất có nhân Sterol, acid amin, các nguyên tố Fe, Ca,… có tác dụng cầm máu, tiêu ứ huyết, tiêu sưng và nhiều công dụng khác.\r\n', 'Trong Đông y, nụ hoa cây tam thất có vị ngọt, hơi đắng, tính mát có tác dụng an thần, tốt cho hệ thần kinh, tạo giấc ngủ ngon không mộng mị.\r\nDược liệu có tác dụng hỗ trợ huyết áp, đặc biệt là đối với những người huyết áp cao.\r\nTăng cường trí nhớ ở người cao tuổi hay người phải làm việc trong môi trường căng thẳng áp lực, đòi hỏi trí nhớ cao.\r\nThanh nhiệt cơ thể, thải độc, tăng cường chức năng gan, thận.Dược liệu giúp bổ máu, phòng ngừa thiếu máu, đặc biệt đối với phụ nữ sau sinh.\r\nHỗ trợ rối loạn tiền đình, thiếu máu não.\r\nNgoài ra, trong một số tài liệu ghi nhận loại dược liệu này có tác dụng khác như trấn tĩnh an thần, sáng mắt, giảm béo, hạ mỡ máu, chống ung thư, tăng cường miễn dịch…\r\n', 'Nụ hoa cây tam thất là một thảo dược hầu hết không có độc tính, hoàn toàn có thể sử dụng như trà hàng ngày. \r\nBạn thực hiện các bước sử dụng sau để pha trà được hiệu quả nhất:\r\nBước 1: Dùng một nhúm nụ hoa ( 5g) khô cho 200 ml nước\r\nBước 2: Tráng trà, dùng nước sôi đổ 1 chút vào đảm bảo nước tưới qua 1 lượt trà lắc đều ấm rồi đổ nước này đi.\r\nBước 3: Cho nước sôi ấm pha trà theo tỉ lệ pha, đợi 5-7 phút cho nước ngấm vào trà.\r\nThưởng thức khi trà còn ấm mùi vị sẽ thơm ngon hơn.\r\n', 'Không nên sử dụng cho phụ nữ đang mang thai.\r\nNgười đang đến chu kì kinh nguyệt, đang cảm lạnh không nên sử dụng.\r\nNgười có huyết áp thấp cũng không nên sử dụng\r\nTrẻ em dưới 5 tuổi cần lưu ý và hạn chế khi sử dụng\r\n'),
(006, 000006, 'Giảo cổ lam là một loại thảo dược thuộc họ Bầu Bí, thân mảnh, leo nhờ tua cuốn đơn ở nách lá. Dược liệu lần đầu tiên xuất hiện ở Trung Quốc được dùng để làm đẹp cho các quý phi trong cung. Từ rất lâu, cây giảo cổ lam cũng được ưu ái cho cái tên là ”cỏ trường thọ”, bởi sự xuất hiện của loại thảo dược này ở Quý Châu (Trung Quốc) đã làm cho người dân ở đây sống rất thọ và khỏe mạnh. Người ta cũng thường gọi thảo dược này là sâm 5 lá, cỏ trường thọ.\r\n', 'Theo nghiên cứu của các nhà khoa học, giảo cổ lam chứa hơn 100 hoạt chất Saponin, đóng vai trò quan trọng trong việc làm giảm mỡ máu, hạ hàm lượng Cholesterol trong máu, giảm triglycerid, ngăn ngừa hình thành các mảng xơ vữa ở động mạch, ổn định đường huyết và huyết áp. Hàm lượng Saponin trong cây thuốc được xác định cao gấp 3 – 4 lần nhân sâm.\r\n\r\nFlavonoid cũng được tìm thấy trong dược liệu này, một chất chống oxi hóa mạnh, giúp ngăn chặn các tế bào lạ, tiền tố Ung thư trong cơ thể. Bên cạnh đó, cỏ trường thọ cũng có rất nhiều các loại chất khoáng và vitamin giúp tăng cường sức đề kháng, giữ dáng đẹp da.\r\n', 'Hạ cholesterol trong máu, ngăn ngừa sự hình thành xơ vữa động mạch\r\nGiáo sư Phạm Thanh Kỳ và cộng sự đã tìm ra sự kì diệu của cây thuốc trong việc ngăn ngừa sự tăng tiến của cholesterol, những người sử dụng thảo dược này trong liệu trình điều trị 30 ngày giảm tới 71 % cholesterol toàn phần so với người không sử dụng.\r\nTăng cường sự tiết hormone protein, giúp ổn định lượng đường trong máu\r\nViện dược liệu TW và công sự Thụy Điển đã chỉ ra rằng khi sử dụng giảo cổ lam, kích thích cơ thể tiết hormone protein từ đảo tụy làm thúc đẩy quá trình tiêu hóa glucose của tế bào, giúp lượng đường huyết ổn định. Điều này rất có ý nghĩa với những bệnh nhân đang điều trị bệnh tiểu đường, đặc biệt là tiểu đường type II.\r\nNgoài ra nhóm nghiên cứu này cũng cho thấy cây thuốc không làm hạ đường huyết khi nồng độ đường trong máu bình thường mà chỉ làm hạ đường huyết khi nồng độ đường trong máu cao, có nghĩa là những người có huyết áp thấp hoặc bình thường, thì cây thuốc này không làm hạ huyết áp.\r\nHỗ trợ và điều trị bệnh tim mạch\r\nVới các nghiên cứu thế kỉ từ các nhà khoa học Việt Nam và các nhà khoa học trên thế giới, giảo cổ lam đóng góp một phần quan trọng trong việc ổn định huyết áp, hỗ trợ phòng ngừa các biến chứng tim mạch.\r\nHỗ trợ phòng chống và điều trị các khối u bướu, tiền tố Ung thư\r\nTrong cây thuốc có rất nhiều hoạt chất Flavanoid, một dưỡng chất quan trọng trong quá trình ức chế sự lão hóa tế bào, ngăn chặn sự phát triển của các tế bào lạ, tế bào khổng lồ xuất hiện trong cơ thể.\r\nTăng cường sức đề kháng, giữ dáng, đẹp daThảo dược nãy cũng chứa rất nhiều các loại vitamin, chất khoáng giúp cơ thể khỏe mạnh, chuyển hóa mỡ thừa, tăng khả năng chống đỡ với bệnh tật.\r\nXu hướng làm đẹp và chăm sóc cơ thể bằng dược liệu đang ngày càng tăng lên, sử dụng trà giảo cổ lam hằng ngày là một phương thức mà rất nhiều người tiêu dùng Việt Nam đang lựa chọn sử dụng. \r\nBạn chỉ cần một chút giảo cổ lam và nước nóng là có thể thưởng thức một tách trà tuyệt vời, khởi đầu một ngày tràn đầy sức sống.\r\n', 'Sản phẩm Giảo cổ lam chúng tôi mang đến là sản phẩm của Việt Nam có nguồn gốc tự nhiên, được thu hái ở các khu rừng đại ngàn Tây Bắc, đảm bảo đúng loại dược liệu, an toàn cho người sử dụng.\r\n', 'Hiện nay trên thị trường rất nhiều nơi cung cấp dược liệu, tuy nhiên để lựa chọn được một cơ sở cung cấp sản phẩm sạch, đảm bảo chất lượng vẫn còn là một vấn đề đối với người tiêu dùng. Tiệm thuốc nam Lê Thanh với rất nhiều năm gắn bó tìm hiểu và cung cấp cho khách hàng nguồn dược liệu sạch, an toàn, chúng tôi vẫn tự tin là đơn vị cung cấp tốt nhất tới tay người mua.\r\n'),
(007, 000007, 'Giống như thảo quả hay vỏ quế, từ lâu, thì là được sử dụng như một loại gia vị không thể thiếu trong nhiều món ăn. Không những thế, hạt thì là còn có nhiều tác dụng chữa bệnh mà ít người biết đến.\r\n', 'Theo nghiên cứu của Bộ Nông Nghiệp Hoa Kỳ (USDA)muỗng cà phê hạt thì là có chứa:\r\n19,6mg canxi.\r\n7,69mg magiê.\r\n1,39mg sắt.\r\n7,88 calo.\r\n0,93g carbohydrate.\r\n0,47g chất béo\r\n.0,37g protein.\r\nNgoài ra, người ta còn nhận thấy, thành phần chính của hạt thì là chứa hàm lượng cao chất chống oxy hóa có tác dụng phòng chống bệnh ung thư. Các flavonoid, quercetin, kaempferol trong dược liệu cũng giúp cơ thể tránh khỏi nguy cơ nhiễm trùng và mắc bệnh tim. \r\n', 'Hạt thì là giúp giảm cân, đẹp da\r\nChữa táo bón cho trẻ em\r\nChữa cao huyết áp và xơ vữa động mạch\r\nĐiều trị rối loạn kinh nguyệt\r\nChữa hôi miệng, tiêu chảy và kiết lỵ\r\nGiảm cảm lạnh, viêm đường hô hấp\r\nĐiều trị mất ngủ\r\nHạt thì là giúp tăng tiết sữa\r\nCách sử dụng hạt thì là giảm cân hiệu quả\r\n', 'Cách 1: Nấu trà hạt thì là đơn giản\r\nNguyên liệu:Hạt thìa là: 5g.\r\nNước sôi: 250ml.\r\nCách làm:Cho hạt vào cốc và rót nước sôi ủ trà trong khoảng 10 phút.\r\nChắt lấy phần nước và bỏ bã.\r\nCách 2: Nấu trà hạt thìa là kết hợp với chanh và mật ong\r\nNguyên liệu:Hạt thì là khô: 5g\r\nChanh: 1/2 quảMật ong: 25g.\r\nNước lọc: 250ml\r\nCách làm:Đun sôi nước rồi thêm hạt thì là vào, đến khi sủi bọt thì vặn nhỏ lửa, tiếp tục khoảng 5 phút thì tắt bếp.\r\n Ủ trà trong 10 phút, chờ nguội bớt rồi thêm nước cốt chanh và mật ong vào khuấy đều là có thể dùng.\r\nCách 3: Nấu trà hạt thì là kết hợp quả mận và hạt lanh\r\nNguyên liệu:Hạt thìa là: 5gMận: 6 quả to\r\nHạt lanh: 30gNước lọc: 250ml\r\nCách làm:Ngâm hạt lanh qua đêm cho mềm rồi vớt ra để ráo nước, mận mang đi rửa sạch, tách hạt.\r\nCho mận vào nồi đun đến khi sôi thì thêm thìa là vào, vặn nhỏ bếp.\r\nTiếp tục đun trà trong 10 phút thì ngưng, chờ nguội bớt rồi cho vào máy xay sinh tố, thêm hạt lanh và xay đều.\r\n Cho trà ra cốc và thưởng thức trước bữa ăn. \r\n', 'Phụ nữ mang thai và đang cho con bú không nên dùng nhiều hạt thìa là vì trong nó chứa thành phần kích thích tử cung. \r\nTốt nhất mẹ bầu nên tham khảo ý kiến của bác sĩ trước khi sử dụng.\r\nHạt cây thì là cần được cất trong hộp kín, bảo quản ở những nơi khô thoáng.Sử dụng vừa phải với liều lượng thích hợp để phát huy tốt công dụng của nó, tránh gây tác dụng phụ. \r\nNếu dùng hạt thì là giảm cân, nên kết hợp vận động, tập luyện thể dục để có vòng eo săn chắc, vóc dáng như ý.\r\n'),
(008, 000008, 'Mú Từn còn được đồng bào dân tộc gọi với cái tên khác là: Cù Boong Nậu. Loại cây này được người dân tộc Thái xem như thảo dược quý có công dụng tuyệt vời cho sức khỏe. Loại thảo dược này thuộc họ Dây Khế, là cây thân gỗ sống lâu năm, cây có dây leo dài trung bình khoảng 30cm với nhiều cành non được bao phủ lớp lông tơ mềm.\r\n', 'Theo như thông tin của các chuyên gia nghiên cứu về loại thảo dược này. \r\nNhững dược chất tồn tại bên trong Mú Từn bao gồm:\r\nB-myrcene.Neral.Spathuleno.\r\nB-myrcene.Nerolidol.Tannin.\r\nTinh dầu.\r\n', 'Tăng cường sinh lực phái mạnh\r\nHoạt chất trong thảo dược có công dụng trong việc kích thích sự hưng phấn, tăng ham muốn tình dục ở nam giới.\r\n Đồng thời thảo dược giúp hồi phục sinh lực phái mạnh cách “thần kỳ”.\r\nHỗ trợ điều trị đau nhức xương khớpVới những bệnh nhân gặp phải vấn đề đau nhức xương khớp, đau lưng, nhức mỏi. \r\nNgười bệnh chỉ cần kiên trì sử dụng Mú Từn thì những cơn đau nhức nhanh chóng được kiểm soát và loại bỏ hoàn hảo.\r\nĐiều trị yếu sinh lý nam giới\r\nThành phần dược chất có trong cây Mú Từn còn tham gia vào quá trình điều trị yếu sinh lý nam giới như: Rối loạn cương dương, liệt dương, xuất tinh sớm.\r\nCải thiện tinh thần, giảm căng thẳngSử dụng cây Mú Từn giúp cơ thể khỏe mạnh và tinh thần được cải thiện đáng kể. \r\nNgười thường xuyên sử dụng thảo dược sẽ giảm bớt triệu chứng căng thẳng, stress, áp lực tinh thần.\r\n', 'Cây Mú Từn dùng để ngâm rượu. Đội ngũ chuyên viên tư vấn đã qua đào tạo sẽ chia sẻ đến khách hàng mọi thông tin liên quan đến thảo dược và cách dùng. Bạn đừng ngại liên hệ đến Lê Thanh khi có nhu cầu mua Mú Từn nhé.', 'Để đảm bảo an toàn khi sử dụng Mú Từn, bạn cần chú ý đến những điều sau:\r\n\r\nPhụ nữ đang mang thai và cho con bú không thể sử dụng thảo dược.\r\nKhông tùy ý tăng liều lượng sử dụng vượt quá mức thầy thuốc khuyến cáo.\r\nNhững người dị ứng với thành phần có trong thảo dược Mú Từn.\r\nNam giới dưới 18 tuổi không nên sử dụng Mú Từn.'),
(009, 000009, 'Cây đu đủ đực mọc hoang ở rất nhiều nơi trên thế giới, được thu hái lấy hoa để bào chế thành những vị thuốc đặc biệt. Ở Việt Nam, theo quan niệm dân gian thì đu đủ đực không được trồng, vì loại thực vật này không đơm trái. Tuy nhiên, rất ít người biết được rằng, hoa của cây đu đủ đực là một sản phẩm công dụng hữu hiệu trong hỗ trợ điều trị các bệnh lý đặc biệt của cơ thể.', 'Theo các nghiên cứu của giới chuyên gia, chiết xuất loại hoa này giàu hoạt chất chống lão hóa có khả năng hỗ trợ phòng chống Ung thư, ngăn ngừa sự phát triển của các tế bào xấu.\r\n\r\nThành phần của vị thuốc giàu beta- carotene, axit gallic, phenol, chất chống oxy hóa giúp bảo vệ tế bào, hỗ trợ ngăn ngừa máu nhiễm mỡ và sự lão hóa sớm.\r\n\r\nNgoài ra, vị thuốc này còn chứa rất nhiều vitamin A, C, E, chiết xuất papain tốt cho hệ tiêu hóa, tăng cường sự trao đổi chất trong cơ thể.', 'Hỗ trợ điều trị Ung thư\r\nHỗ trợ ngăn ngừa sự phát triển của tế bào Ung thư, giúp giảm đau kháng viêm. Hoa đu đủ đực tác dụng tốt với tất cả các loại Ung thư, đặc biệt là Ung thư tiền liệt tuyến.\r\n\r\nHỗ trợ kích thích hệ tiêu hóa, giảm viêm loét dạ dày\r\nCác vitamin và các hoạt chất có trong dược liệu tốt cho hệ tiêu hóa. Ngoài ra, chiết xuất đặc biệt của vị thuốc này có tác dụng hỗ trợ ngăn ngừa các nguyên nhân gây rối loạn hệ tiêu hóa, làm tan mỡ trong lòng mạch, kích thích ngon miệng.\r\n\r\nHỗ trợ ổn định đường huyết\r\nVị thuốc quý này có tác dụng tăng cường sự sản sinh tế bào đảo tụy, giúp ổn định lượng đường trong máu.\r\n\r\nGiải quyết các vấn đề về hô hấp\r\nVị thuốc kết hợp lá hẹ, hấp cách thủy mang lại tác dụng tốt khi điều trị ho gió, ho khan, ho lâu ngày không khỏi', 'Cách pha trà:\r\n\r\nBước 1: Dùng một nhúm hoa (10g) khô cho 150 ml nước\r\nBước 2: Tráng trà, dùng nước sôi đổ 1 chút vào đảm bảo nước tưới qua 1 lượt trà lắc đều ấm rồi đổ nước này đi.\r\nBước 3: Cho nước sôi ấm pha trà theo tỉ lệ pha, đợi 5-7 phút cho nước ngấm vào hoa trà. Thưởng thức khi trà còn ấm mùi vị sẽ thơm ngon hơn.\r\nCách nấu trà:\r\n\r\nNếu như bạn không có thói quen nhâm nhi ly trà vào mỗi sáng thì cũng có thể sử dụng hoa đu đủ đực để nấu nước uống thay nước hàng ngày.\r\nMỗi ngày lấy khoảng 50-80g hoa phơi khô đem nấu với 1.5 lít nước uống.', 'Hiện nay trên thị trường rất nhiều nơi cung cấp dược liệu, tuy nhiên để lựa chọn được một cơ sở cung cấp sản phẩm sạch, đảm bảo chất lượng vẫn còn là một vấn đề đối với người tiêu dùng. Tiệm thuốc nam Lê Thanh với rất nhiều năm gắn bó tìm hiểu và cung cấp cho khách hàng nguồn dược liệu sạch, an toàn, chúng tôi vẫn tự tin là đơn vị cung cấp tốt nhất tới tay người mua.\r\n'),
(010, 000010, 'Sâm cau đỏ có tên khoa học là Curculigo Orchioides Gaertn, thuộc Bộ Măng Tây (Asparagales), Họ Tỏi Voi Lùn (Hypoxidaceae). Loại thảo dược này được tìm thấy ở Ấn Độ, Malaysia, Thái Lan, Philippin và các nước Đông Dương. Ở Việt Nam cây mọc hoang trên các đồi cỏ, ven rừng,sườn núi đại ngàn Tây Bắc, thảo dược này cũng được tìm thấy trên vùng đồi núi Lang Bian, vùng đồi núi cao ở Lâm Đồng.', 'Sâm cau đỏ tính ấm, vị cay, hơi có độc, giúp bổ thận tráng dương, ôn trung táo thấp, tán ứ trừ tê, tráng gân cốt, tăng cường sinh lực phái mạnh.\r\n\r\nTrong sâm cau đỏ có Curculigin A tác dụng kích thích ham muốn tình dục. Nhóm chất cycloartan triterpen saponin kích thích cơ thể sản sinh nội tiết tố nam. Nhóm chất này cũng giúp sự điều hoà máu trong cơ thể hiệu quả hơn.', 'Tăng cường miễn dịch, giúp cơ thể thích nghi trong những điều kiện không thuận lợi\r\nTăng cường chức năng sinh lý nam, kích thích tiết hoocmon nam giới.\r\nGiúp tinh thần tỉnh táo, mạnh gân cốt, kéo dài ham muốn, giúp đen râu tóc.\r\nGiảm cảm giác tê mỏi chân tay, đau xương khớp dành cho cả nam và nữ.\r\nHỗ trợ điều trị vô sinh: Các nguyên nhân gây khó khăn trong việc sinh con như tinh trùng yếu, số lượng tinh trùng ít, liệt dương… đã được khắc phục rõ rệt nhờ sự hỗ trợ của thảo dược này.\r\nTăng cường tuần hoàn máu, lưu thông khí huyết.\r\nTác dụng bổ thận, giúp giảm thiểu tình trạng tiểu tiện không theo ý muốn.', 'Sâm cau đỏ dùng để ngâm rượu. Đội ngũ nhân viên đã qua đào tạo luôn sẵn sàng tư vấn cho quý khách', 'Hiện nay trên thị trường rất nhiều nơi cung cấp dược liệu, tuy nhiên để lựa chọn được một cơ sở cung cấp sản phẩm sạch, đảm bảo chất lượng vẫn còn là một vấn đề đối với người tiêu dùng. Tiệm thuốc nam Lê Thanh với rất nhiều năm gắn bó tìm hiểu và cung cấp cho khách hàng nguồn dược liệu sạch, an toàn, chúng tôi vẫn tự tin là đơn vị cung cấp tốt nhất tới tay người mua.\r\n'),
(011, 000011, 'Cây an xoa (tên gọi khác là tổ kén lông, tổ kén cái, dó lông) có tên khoa học là Helicteres hirsuta Lour và còn được biết đến với một số tên gọi khác là cây tổ kén cái, cây thâu kén lông… Cây thuốc an xoa được dùng đầu tiên và phát hiện tại một bộ tộc người Campuchia. Tại Việt Nam cộng đồng người Campuchia ở Bình Phước đã sử dụng vị thuốc này để hỗ trợ điều trị các bệnh về gan, đặc biệt là viêm gan, xơ gan, men gan cao.', 'Theo nghiên cứu của nhóm nhà khoa học đang làm việc tại Sở Khoa học Công nghệ Bình Dương, thành phần trong cây an xoa chứa:\r\n\r\nFlavonoid trong an xoa có tác dụng chống oxy hóa, ức chế sự phát triển của tế bào xấu.\r\n\r\nAlkaloid là một chất kháng tế bào ung thư, hỗ trợ ngăn chặn khối u hiệu quả.\r\n\r\nNgoài ra còn một số hoạt chất enzyme có tác dụng quý khác.', 'Có tác dụng rất tốt trong việc hỗ trợ điều trị Ung thư, đặc biệt là ung thư gan. Cây thuốc có tác dụng tích cực kể cả với những bệnh nhân Ung thư giai đoạn cuối khi bệnh viện trả về.\r\nHỗ trợ phòng ngừa và điều trị các bệnh lý về gan, như viêm gan, xơ gan, men gan cao, xơ gan cổ trướng.\r\nPhòng ngừa và giải độc gan, an xoa có tác dụng làm mát gan, hạ men gan.. Giúp tăng cường chức năng gan trong cơ thể.\r\nTốt cho người mất ngủ, vàng da và gầy yếu.', 'Để dùng làm thuốc hỗ trợ điều trị bệnh Ung thư, hay bệnh về gan hiệu quả. Đây là loại dược liệu không có độc tính vậy nên có thể sử dụng như trà để uống hàng ngày\r\n\r\nCây an xoa nếu có thời gian các bạn nên sao vàng hạ thổ, sau đó rửa sạch bụi, cho vào ấm đun sắc với 1,5 lít nước rồi đun sôi. Tiếp tục đun sôi nhỏ lửa trong 15 phút là dùng được. Nước sắc an xoa có thể uống thay nước uống hàng ngày thay trà, nếu bệnh nhân ăn uống kém, các bạn nên sắc cạn còn khoảng 500ml nước để uống được dễ dàng hơn.', 'Cây an xoa gần như không có tác dụng phụ nhưng với một số ít trường hợp sử dụng sau một vài ngày sẽ cảm thấy bụng cồn cào và hơi khó chịu. Nhưng bạn không nên quá lo lắng, vì lúc này dược chất của cây thuốc đã có tác dụng đến cơ thể. Đây chính là lúc cơ thể đào thải độc tố, giúp phục hồi chức năng của phủ tạng, nhất là chức năng gan.\r\n\r\nTiếp tục uống khoảng 1 tuần thì những hiện tượng khó chịu trên sẽ hết, cơ thể nhẹ nhõm dễ chịu và sức khỏe hồi phục tốt. Công dụng chữa bệnh của an xoa đã được thực tiễn kiểm chứng bởi nhiều người dùng, bạn có thể hoàn toàn yên tâm khi sử dụng loại thảo dược này để làm thuốc hay trà giúp giải độc gan, tăng cường sức khỏe.\r\n\r\nHiện nay trên thị trường có khá nhiều cây dại có hình dáng giống với cây an xoa. Bạn cần hết sức lưu ý khi đặt mua tại các cơ sở kém uy tín hoặc thu hái trong tự nhiên, tránh nhầm lẫn với các cây dại khác.'),
(012, 000012, 'Kỷ Tử hay còn được gọi với cái tên khác là Câu Kỷ Tử, Khởi Tử, Khủ Khởi, Câu Khởi, Địa Cốt Tử…\r\n\r\nBộ phận của cây Kỷ Tử có thể đưa vào sử dụng đó là quả khô rụng. Những trái Kỷ Tử được đưa vào làm thuốc sẽ có màu đỏ hoặc cam, bề mặt nhăn nheo. Loại thảo dược này phân bố nhiều ở Trung Quốc. Tuy nhiên trong những năm gần đây Kỷ Tử đã được ưu tiên trồng ở những vùng khí hậu lạnh phía Bắc như Hà Giang, Lào Cai, nhưng hiện số lượng vẫn còn rất ít.', 'Theo như nghiên cứu của các nhà khoa học, Kỷ Tử là một trong những loại vị thuốc có giá trị dinh dưỡng cao. Bao gồm nhiều loại khoáng chất và vitamin dồi dào như: Chất xơ, Fe, Vitamin C, ZN và hợp chất chống oxy hóa.\r\n\r\nKhông những vậy, trong hạt Kỷ Tử còn có đến 8 loại axit amin thiết yếu có lợi cho cơ thể. Sử dụng Kỷ Tử sẽ cung cấp nguồn Protein thực vật dồi dào theo nhu cầu cơ thể cần mỗi ngày. Lượng dưỡng chất trong loại hạt này còn có công dụng điều hòa lượng đường trong máu, ngăn chặn nguy cơ đái tháo đường.', 'Công dụng trong Y học cổ truyền\r\nKỷ Tử là một vị thuốc có tính bình, vị ngọt có tác dụng hiệu quả với những triệu chứng như:\r\n\r\nĐiều trị di tinh, chứng âm huyết hư tổn.\r\nCan thận âm hư, đau thắt lưng.\r\nHoa mắt, chóng mặt.\r\nĐiều hòa đường trong máu.\r\nCông dụng trong Y Học Hiện Đại\r\nTăng cường chức năng sinh lý nam giới, người giảm ham muốn tình dục, xuất tinh sớm, rối loạn cương dương, vô sinh hiếm muộn.\r\nNâng cao khả năng miễn dịch của cơ thể, ngăn chặn sự tấn công của vi khuẩn, hạn chế tình trạng ốm vặt.\r\nTăng cường hoạt động chức năng của gan, phục hồi tế bào gan bị tổn thương.\r\nCó công dụng hiệu quả trong việc điều hòa lượng đường trong máu, duy trì đường huyết ở mức ổn định, ngăn chặn biến chứng nguy hiểm của bệnh tiểu đường.\r\nGóp phần cải thiện thị lực.\r\nLà thảo dược có công dụng hỗ trợ điều trị ung thư dạ dày.\r\nCải thiện sức khỏe, chống lại tình trạng suy nhược.\r\nCó tác dụng giảm đau.\r\nGiảm stress, căng thẳng và hỗ trợ điều trị trầm cảm.', 'Người nên dùng Kỷ Tử\r\n+ Những ai muốn bồi bổ cơ thể, cải thiện tình trạng sức khỏe.\r\n\r\n+ Người gặp vấn đề về thị lực.\r\n\r\n+ Nam giới bị suy giảm sức khỏe sinh lý.\r\n\r\n+ Phụ nữ muốn cải thiện da và tóc.\r\n\r\n+ Hỗ trợ giảm đau.\r\n\r\n+ Chống lại những tác nhân gây ra tình trạng trầm cảm.\r\n\r\n+ Hỗ trợ giảm cân.', 'Những đối tượng không nên sử dụng Kỷ Tử\r\n+ Phụ nữ trong thời kỳ mang thai không thể sử dụng Kỷ Tử, vì loại thảo dược này khiến tử cung co bóp mạnh dễ gây sảy thai.\r\n\r\n+ Phụ nữ cho con bú không nên sử dụng Kỷ Tử vì có thể làm giảm quá trình bài tiết sữa.\r\n\r\n+ Người bị tiêu chảy kéo dài cần tránh sử dụng vị thuốc này.\r\n\r\n+ Không sử dụng Kỷ Tử cho trẻ em dưới 5 tuổi.\r\nCâu Kỷ Tử có thể sản sinh tương tác với một số loại thuốc, vì vậy trước khi sử dụng loại thảo dược này bạn nên tham khảo qua ý kiến của thầy thuốc, bác sĩ có chuyên môn.\r\n\r\nVới những ai bị dị ứng phấn hoa nên xem xét lại việc sử dụng Kỷ Tử vì thảo dược sẽ có thể khiến da bạn hình thành các vết ban đỏ.\r\n\r\nKỷ Tử khá lành tính nhưng trong quá trình sử dụng bạn không được tùy ý tăng liều lượng so với mức khuyến cáo.'),
(013, 000013, 'Cây rau mương hay còn được nhiều người biết đến qua cái tên rau mương đất là loại cây mọc hoang rất nhiều ở nước ta ở các vùng đất ẩm ven ao, hồ. Chứa thành phần hóa học có ích, loại cây này đã trở thành một vị thuốc quý sử dụng khá nhiều trong Đông y. Một trong những công dụng tuyệt vời nhất mà cây rau mương mang đến là điều trị hiệu quả đau dạ dày, diệt vi khuẩn HP.', 'Là cây thân thảo, chiều cao trung bình khoảng 25 đến 50cm, nhưng có cây cao đến 1,5m\r\nLá cây màu xanh lục, thuôn dài, đậu nhọn hình giống ngọn giáo\r\nHoa màu trắng, mọc thành cụm 1 đến 8 bông, hoa không có cuống\r\nCó quả nhẵn, hình trụ dài 2 đến 3cm\r\nVị ngọt nhẹ, tính mát, còn được dùng để nấu canh', 'Cây rau mương điều trị bệnh đau dạ dày, diệt vi khuẩn HP\r\nHỗ trợ điều trị bệnh tiểu đường\r\nVới bệnh nhân cao huyết áp, bạn chỉ cần dùng cây thuốc khô, sao thơm lên rồi sắc nước uống như trà mỗi ngày để hạ đường huyết.\r\n\r\nNgoài ra cây rau mương còn được sử dụng chữa thành công nhiều loại bệnh như tiêu chảy, đầy bụng khó tiêu, viêm họng, viêm amidan, … Đơn giản hơn, rau mương tươi giã nát đắp trực tiếp lên các vùng da viêm còn giúp trị khỏi nhiều bệnh ngoài da thường gặp như mụn nhọt, lở ngứa,…', 'Hầu hết các bộ phận của cây rau mương bao gồm lá, thân đều được sử dụng làm thảo dược chữa bệnh. Người ta có thể thu hái cây thuốc quanh năm, sử dụng ở dạng tươi hay khô đều được.\r\n\r\nNếu vùng bạn sống không có nhiều rau mương thì nên mua sản phẩm được đóng gói khô để bảo quản được lâu.\r\n\r\nRiêng với dạng khô, thường người ta sẽ thu hái thân và lá rau mương rửa sạch, để ráo, thái khúc rồi mới phơi khô. Ở các đơn vị kinh doanh có uy tín, rau mương khô sẽ được đóng gói theo quy trình vệ sinh, an toàn để đảm bảo sức khỏe người dùng.\r\n1. Cây rau mương điều trị bệnh đau dạ dày, diệt vi khuẩn HP\r\nTheo nghiên cứu mới nhất từ y học, cây thuốc có chứa nhiều thành phần hóa học có khả năng tiêu diệt và chống lại vi khuẩn HP – Helicobacter pylori.\r\n\r\nĐể đạt được công dụng trị bệnh như mong muốn, bạn dùng rau mương theo bài thuốc sau:\r\n\r\nDùng 50g đến 60g cây rau mương khô hoặc có thể thay thế bằng 100g cây tươi, sắc với 1,5 lít nước\r\nĐun sôi cho đến khi nước cạn chỉ còn khoảng một nửa tầm 800ml thì dừng, chia đều thành 3 lần uống trước 3 bữa ăn chính tầm 15 đến 20 phút\r\nDùng trong thời gian dài kiên trì để đạt hiệu quả cao\r\nVới bài thuốc này, bạn nên lưu ý để đạt công dụng tốt nhất nên dùng cây rau mương lâu năm có chiều cao tầm 1m trở lên. Nếu dùng cây tươi, hãy rửa sạch để đảm bảo vệ sinh, còn dùng cây khô thì nên mua tại những điểm bán có uy tín, có chất lượng.\r\n\r\n2. Hỗ trợ điều trị bệnh tiểu đường\r\nBên cạnh điều trị bệnh dạ dày, cây rau mương còn được dùng hỗ trợ điều trị bệnh tiểu đường khá hiệu quả. Bài thuốc trị bệnh như sau:\r\n\r\nDùng các vị thuốc rau mương khô, chuối hột, dây mây, lục bình mỗi loại 15g cộng với lá vú sữa tím, cam thảo nam mỗi loại 10g, 20g khổ qua\r\nĐem tất cả cho vào ấm cùng 3 chén nước, sắc lên cho đến khi cạn còn 2/3 thì lọc uống\r\nUống 2 lần mỗi ngày vào buổi sáng và chiều, kiên trì một thời gian để mang lại hiệu quả cao3. Điều trị bệnh cao huyết áp\r\n', 'Tuy nhiên, việc sử dụng cây thuốc cần phải đúng liều lượng và thời gian để hạn chế tối đa các tác dụng không mong muốn. Nếu có gì khác lạ sau khi dùng, hãy đến thăm khám tại các phòng khám Đông y.'),
(014, 000014, 'Loại thảo dược này còn được gọi với những cái tên khác như Cẩm Lệ Chi, mướp đắng rừng. Loại cây này mọc dại ở trong những khu rừng, trên vùng núi cao. Thành phần dược tính trong khổ qua rừng cao hơn so với khổ qua trồng tại nhà. Đặc biệt dây khổ qua rừng được các thầy thuốc ứng dụng điều trị các căn bệnh liên quan đến đường huyết.', 'Khổ qua rừng được biết đến là loại thảo dược có vị đắng với những thành phần dược chất chính như:\r\n\r\nMomordicin: Đây là lượng chất trong cây mướp đắng tạo ra vị đắng đặc trưng của nó.\r\nFlavonoid và axit hữu cơ, alcaloid, riterpenes, protein, steroid, saponin: Những thành phần này có công dụng hiệu quả trong việc kháng nấm, ngăn chặn virus gây bệnh, hạ đường huyết và phòng chống sự oxy hóa gốc tự do hình thành khối u.\r\nKhông những vậy, trong dây khổ qua rừng còn tồn tại lượng lớn vitamin, khoáng chất có lợi cho cơ thể.', 'Tác dụng của dây khổ qua rừng trong Đông Y\r\nDây khổ qua rừng có tính mát, vị đắng và không chứa độc tố nên giúp mát gan, thanh nhiệt, giải độc hiệu quả.\r\nDây mướp đắng rừng có tác dụng tốt với người đang gặp vấn đề viêm nhiễm, mụn nhọt, sốt.\r\nLà thảo dược có công dụng giải stress, giúp tinh thần thêm sảng khoái.\r\nLà bài thuốc hiệu quả để phòng chống bệnh tật, nâng cao sức khỏe.\r\nTác dụng của dây khổ qua rừng trong y học hiện đại\r\nCác chuyên gia đã nghiên cứu và khẳng định dây khổ qua rừng mang đến những tác dụng tích cực cho sức khỏe như:\r\n\r\nThành phần trong dây khổ qua rừng có công dụng hiệu quả trong việc kiểm soát đường huyết và duy trì lượng đường trong máu ổn định.\r\nVitamin và khoáng chất của khổ qua rừng tham gia trực tiếp vào quá trình thanh nhiệt, giải độc và làm mát gan. Từ đó, phục hồi tế bào gan bị tổn thương, phòng chống viêm gan B, C.\r\nDây khổ qua rừng còn mang đến công dụng tuyệt vời trong việc kiểm soát huyết áp, loại bỏ mỡ máu và ngăn chặn sự phát triển nhanh chóng của các gốc tự do.\r\nLượng vitamin C dồi dào trong dây khổ qua rừng giúp cơ thể hình thành hệ miễn dịch vững chắc, phòng chống những căn bệnh truyền nhiễm.\r\nSử dụng dây khổ qua rừng thường xuyên còn là cách hiệu quả để ngăn chặn sự hình thành của tế bào ung thư.', 'Cũng giống như những loại thảo dược khác, mướp đắng rừng lành tính nhưng không phải ai cũng có thể sử dụng. Theo như khuyến cáo từ các thầy thuốc, đối tượng thích hợp sử dụng dây khổ qua rừng là:\r\n\r\nNgười đang gặp phải những bệnh về gan như: gan nhiễm mỡ, men gan, viêm gan.\r\nNgười bị nhiệt miệng, mụn nhọt, nóng trong.\r\nNgười muốn loại bỏ mỡ thừa trong cơ thể, duy trì vóc dáng.\r\nBệnh nhân bị huyết áp cao, tiểu đường.\r\nNgười đang mắc phải các vấn đề về tim mạch và xơ vữa động mạch.\r\nNgười bình thường muốn tăng cường hệ miễn dịch, phòng ngừa ung thư.', 'Để mướp đắng rừng có thể phát huy tốt nhất công dụng của nó với cơ thể người dùng. Bạn có thể chú ý đến những vấn đề sau:\r\n\r\nCần làm sạch bụi bẩn trên dây khổ qua trước khi sử dụng.\r\nKhông sử dụng dây khổ qua rừng đã bị mốc, có mùi hôi.\r\nNước sắc từ dây khổ qua cần được sử dụng hết trong ngày, không sử dụng khi đã để qua đêm, kể cả bảo quản trong tủ lạnh.'),
(015, 000015, 'Dây thìa canh thuộc loại dây leo lớn sinh trưởng trong những cánh rừng khô ở Ấn Độ. Khoảng 2000 năm trước, dây thìa canh được dùng để chữa tiểu đường trong bài thuốc cổ truyền của người dân Ấn. Và 2000 năm sau, người dân Việt Nam được biết đến cây thuốc qua những nghiên cứu, những công trình khoa học của cơ quan chuyên môn về tác dụng hỗ trợ tiểu đường.', 'Có hoạt chất chính là Gymnema Sylvestre kiềm hóa ở lần thứ 4 gồm tổ hợp nhiều acid gymnemic, một hoạt chất thuộc nhóm saponin triterpenoid.\r\n\r\nNgoài ra, cây còn chứa các thành phần khác như flavone, anthraquinone, acid formic, … Dịch chiết cây còn có thành phần alcaloid.', 'Hỗ trợ và điều trị bệnh tiểu đường\r\nHoạt chất GS4 trong thìa canh hoạt động theo cơ chế đặc biệt tác động gián tiếp vào tuyến tụy, làm tăng sự thiết lập khả năng cân bằng đường huyết một cách tự nhiên. Ngoài ra, hoạt chất trong dây thìa canh còn gây ức chế sự hấp thu đường từ biểu mô ruột vào máu, ngăn sự tái tạo đường ở gan, tăng sự dụng đường từ các mô cơ. Từ đó, làm giảm đường huyết một cách hiệu quả.\r\n\r\nHỗ trợ giảm cân và giảm lượng cholesterol\r\nMột vài nghiên cứu cho thấy GS4 có thể làm giảm lượng cholesterol và chất béo trung tính. Thành phần dược lý chính của cây thìa canh đảm nhiệm tốt khi đứng một mình, nhưng dưới dạng hỗn hợp trong dây thìa canh hiệu quả đến từ từ và an toàn hơn.\r\n\r\nGiúp tăng cường sản sinh hormone đồng hóa\r\nNghiên cứu gần đây cho thấy GS4 có tác dụng thúc đẩy khả năng sản xuất hormone đồng hóa bằng cách tái tạo lại các tế bào beta.', 'Cách dùng: Lấy khoảng 50 – 80 gram đun sắc với 1.5 lít nước. Sử dụng trong ngày, thường xuyên khoảng từ 2 đến 6 tháng.\r\n\r\nNgoài cách đun sắc, dây thìa canh cũng có thể dùng cách hãm thành trà. Đối với người cao tuổi, nhấp ngụm trà bình luận về thơ ca, chiêm nghiệm về cuộc sống.\r\n\r\nCách pha trà:\r\n\r\nBước 1: Dùng một nhúm dây thìa canh ( 10g) khô cho 150 ml nước\r\nBước 2: Tráng trà, dùng nước sôi đổ 1 chút vào đảm bảo nước tưới qua 1 lượt trà lắc đều ấm rồi đổ nước này đi.\r\nBước 3: Cho nước sôi ấm pha trà theo tỉ lệ pha, đợi 5-7 phút cho nước ngấm vào trà. Thưởng thức khi trà còn ấm mùi vị sẽ thơm ngon hơn.', 'Hiện nay trên thị trường rất nhiều nơi cung cấp dược liệu, tuy nhiên để lựa chọn được một cơ sở cung cấp sản phẩm sạch, đảm bảo chất lượng vẫn còn là một vấn đề đối với người tiêu dùng. Tiệm thuốc nam Lê Thanh với rất nhiều năm gắn bó tìm hiểu và cung cấp cho khách hàng nguồn dược liệu sạch, an toàn, chúng tôi vẫn tự tin là đơn vị cung cấp tốt nhất tới tay người mua.\r\n'),
(016, 000016, 'Chuối hột rừng là một loài cây rất gần gũi với người dân Việt Nam, đặc biệt là người miền núi. Loài cây này sống nhờ thân giả, cành lá vươn đều có phiến dài, mặt dưới có thể có tía, cuống xanh có sọc đỏ. Chuối hột rừng cho quả thơm ngon, quả chuối hột không chỉ để ăn, mà còn sử dụng để làm thuốc. Trong Đông y, vị thuốc có công dụng hỗ trợ tiêu đinh, tán sỏi vô cùng hiệu quả, thích hợp với những người đang bị sỏi thận, viêm đường tiết niệu hay hệ tiết niệu có vấn đề.', 'Quả chuối rừng không nhiều như chuối thường, ít nải và nải cũng nhỏ. Quả có khía cạnh to, trong thịt quả chứa nhiều hạt. Người ta thường không ăn loại quả này mà chủ yếu phơi khô làm thuốc. Trong dân gian cũng như đông y lưu truyền rất nhiều bài thuốc có sự góp phần của dược liệu này, với nhiều chức năng chữa bệnh khác nhau.', 'Chuối hột rừng trị sỏi thận, sỏi bàng quang, viêm tiết niệu\r\nTrái chuối hột thái nhỏ, phơi khô, sao vàng hạ thổ, sử dụng dưới dạng thuốc sắc hay trà hãm. Các hoạt chất có trong vị thuốc có tác dụng làm tan sỏi, làm lành vết loét hay vết thương hở do sỏi gây ra, tác dụng kháng viêm rất tốt.\r\n\r\nHỗ trợ điều trị táo bón\r\nTrẻ em bị táo bón sử dụng chuối hột rừng sẽ giúp dễ bài tiết chất độc ra ngoài cơ thể, phòng ngừa nguy cơ táo bón quay lại.\r\n\r\nĐiều trị viêm loét dạ dày\r\nChất nhựa trong quả chuối khi phơi khô sẽ thấm vào lớp thịt và lớp vỏ chuối. Theo kinh nghiệm lâu năm của các bác sỹ đông y, nhựa chuối hột có chứa các hoạt chất giúp kháng viêm, làm lành các vết loét, ứng dụng trong điều trị dạ dày mang lại hiệu quả cao.\r\n\r\nNgoài ra, sử dụng thảo dược này còn được sử dụng thường xuyên để ngăn ngừa bệnh Gout, điều trị hắc lào, bồi bổ thận…', 'Chuối hột có hai loại, trái lớn và trái nhỏ. Sử dụng cả hai loại làm thuốc đều rất tốt, nhưng loại trái nhỏ thường được ưu tiên hơn vì có nhựa nhiều. Quả chuối càng nhiều nhựa thì khi ngâm càng ngọt và thơm, nhựa chuối rừng cũng có công dụng khá tốt', 'Hiện nay trên thị trường rất nhiều nơi cung cấp dược liệu, tuy nhiên để lựa chọn được một cơ sở cung cấp sản phẩm sạch, đảm bảo chất lượng vẫn còn là một vấn đề đối với người tiêu dùng. Tiệm thuốc nam Lê Thanh với rất nhiều năm gắn bó tìm hiểu và cung cấp cho khách hàng nguồn dược liệu sạch, an toàn, chúng tôi vẫn tự tin là đơn vị cung cấp tốt nhất tới tay người mua.\r\n'),
(017, 000017, 'Ngải cứu là loại rau ăn được, tên khoa học là Artemisia vulgaris, thuộc họ Cúc. Thân cây có nhiều rãnh dọc nhỏ, không có cuống, lá thường mọc so le nhau, mặt trên lá có màu xanh sẫm, mặt dưới màu trắng ngà, có nhiều lông tơ nhỏ. Ngải cứu là loại rau dại rất dễ sống, cây trồng vừa làm rau ăn, vừa làm thuốc. ', 'Cây ngải cứu có chữa nhiều thành phần tinh dầu như:  các amino acid, các flavonoid, như adenin và cholin.', 'Ngải cứu làm thuốc điều kinh\r\nĂn rau ngải cứu giúp an thai\r\nSơ cứu vết thương bằng ngải cứu\r\nNgải cứu trị mụn, mẩn ngứa, mề đay\r\nNgải cứu chữa đau nhức xương khớp, đau thần kinh tọa\r\nNgải cứu trứng gà giúp lưu thông máu lên não\r\nNgải cứu trị suy nhược cơ thể, kém ăn \r\nNgải cứu trị cảm cúm, ho, đau cổ họng, đau đầu, đau dây thần kinh\r\n', 'Bài thuốc điều trị chứng vô sinh ở phụ nữ do tử cung lạnh:\r\n\r\nNguyên liệu: \r\n\r\nCác nguyên liệu sau đây có thể gia giảm tùy thuộc vào cơ địa, tình trạng bệnh lý:\r\n\r\nHương phụ.\r\nThục địa.\r\nXuyên khung.\r\nNgải cứu.\r\nĐương quy.\r\nBạch thược.\r\nLá ngải cứu khô\r\nLá ngải cứu khô\r\nCách dùng:\r\n\r\nĐem các vị thuốc tán nhuyễn thành bột, sau đó vo thành các viên nhỏ, mỗi ngày sử dụng khoảng 12g đến 16g, chia làm 3 lần uống trong ngày. \r\n\r\n\r\nBài thuốc điều trị đau bụng và đi ra máu ở thai phụ:\r\n\r\nNguyên liệu: \r\n\r\n16g lá tía tô.\r\n16g ngải cứu.\r\nBài thuốc:\r\n\r\nRửa sạch tía tô và ngải cứu, sắc với 1 lít nước, đun bằng lửa nhỏ cho đến khi cạn còn 300ml thì tắt bếp. Có thể chia ra làm 3 hoặc 4 lần uống trong ngày. \r\n\r\nBài thuốc điều trị xuất huyết ở tử cung do hư hàn:\r\n\r\nNguyên liệu:\r\n\r\n8g ngải cứu.\r\n16g a giao (cao da lừa).\r\nNgải cứu\r\nNgải cứu\r\n\r\nBài thuốc:\r\n\r\nRửa sạch ngải cứu, để ráo nước rồi cho vào ấm sắc. Sau khi sôi thì chắt nước ra, pha vào 1 ít a giao, khuấy đều lên cho tan ra. \r\n\r\nNên uống thuốc khi còn nóng, mỗi ngày sử dụng một lần. Nấu bao nhiêu uống hết bấy nhiêu, không bảo quản trong tủ lạnh hay đun đi đun lại nhiều lần.', 'Đối với những người đang bị âm hư hoặc bị huyết nhiệt cần nên cẩn trọng khi sử dụng.\r\nKhông kết hợp cùng với các loại thuốc chống viêm không có steroid, đặc biệt là Aspirin, đây là chất có thể làm suy giảm khả năng đông máu của thuốc.\r\nNhững người đang có vấn đề về huyết áp hoặc gan nên tham khảo tư vấn thầy thuốc trước khi sử dụng.\r\nDù có mặt trong rất nhiều bài thuốc hỗ trợ cho phụ nữ mang thai, nhưng các mẹ lưu ý chỉ nên dùng ngải cứu khi thai kỳ từ 3 tháng trở lên. Ăn ngải cứu trong thời gian đầu mang thai có thể gây hưng phấn các cơ trong tử cung, khiến tử cung co bóp quá mức, có thể dẫn đến thai ra máu, nguy cơ sinh non cao.\r\nDùng khoa học, điều độ sẽ thấy kết quả tốt.');
INSERT INTO `mota` (`mamota`, `masanpham`, `gioithieu`, `thanhphan`, `tacdung`, `cachdung`, `luuy`) VALUES
(018, 000018, 'Nấm Lim Xanh được biết đến với tên học thuật là Ganoderma lucidum. Là loại nấm linh chi cực kì đặc biệt, mọc trên cây Lim Xanh đã chết trong rừng nguyên sinh. Có hai loại, một loại mọc ra từ thân của cây Lim xanh, một loại mọc ra từ rễ của cây Lim xanh.', 'Triterpenes: Là dược chất quý giúp chống oxy hóa bởi các cơ chế khử các gốc oxy tự do, ngăn chặn sự tấn công các màng tế bào gây ra lão hóa cơ thể, giúp cơ thể kháng khuẩn, kháng nấm, virut, ngăn chặn sự phát triển của các khối u.\r\n\r\nGermanium: Là một thành phần hữu cơ có trong tự nhiên, một dược chất quan trọng tạo nên công dụng kì diệu của nấm lim xanh. Germanium trong nấm lim xanh cao gấp 5-8 lần nhân sâm.  Vì thế nấm lim xanh hỗ trợ điều trị rất hiệu quả bệnh ung thư, giúp tăng tuần hoàn máu, tăng tốc độ trao đổi chất của tế bào cơ thể, tăng hệ thống miễn dịch, mức độ oxy hóa, thanh lọc cơ thể, loại bớt độc tố, giảm các triệu chứng đau đồng thời giảm căng thẳng mệt mỏi, giải độc gan, cải thiện các vấn đề về thị giác.\r\n\r\nAdenosine: Hỗ trợ điều hòa giấc ngủ, để giấc ngủ ngon và sâu hơn đồng thời loại bỏ tình trạng mất ngủ, giấc ngủ đứt quãng.\r\n\r\nLing zhi-8 protein: Là một loại protein giúp kìm hãm sự phát triển của tế bào ung thư, ngăn chặn di căn, ổn định hệ thống miễn dịch, chống lại các virus, vi khuẩn có hại, cải thiện chức năng các cơ quan.\r\n\r\nCác vitamin: Nấm lim xanh có các vitamin nhóm B, nhóm C, một số ít vitamin nhóm A, E có khả năng giúp tăng cường hiệu quả làm việc của hệ thần kinh, kích thích tiêu hóa, tăng sức đề kháng để chống đỡ lại bệnh tật, giảm thiểu nguy cơ mắc các bệnh về tim mạch, hỗ trợ điều hòa lượng Cholesterol trong máu, cải thiện làn da, chống lão hóa,…', 'Hỗ trợ phòng ngừa và điều trị bệnh Ung thư: Theo tạp chí của Mỹ, bác sỹ Kerry Martain và các cộng sự đã đạt hiệu quả khả quan khi sử dụng nấm lim xanh để hỗ trợ điều trị ung thư. Trong một liệu trình điều trị 30 ngày trên hai nhóm đối tượng. Nhóm đầu tiên sử dụng chiết xuất nấm lim xanh, nhóm còn lại sử dụng giả dược, kết quả điều trị cho thấy những người sử dụng nấm lim xanh có khả năng hồi phục cao hơn.\r\nPhòng ngừa và hỗ trợ điều trị bệnh Gout, bệnh xương khớp\r\nỔn định đường huyết, hỗ trợ điều trị bệnh tiểu đường\r\nỔn định huyết áp, rất tốt cho những bệnh nhân mắc bệnh huyết áp cao\r\nHỗ trợ giảm xơ vữa động mạch, rất tốt cho những bệnh nhân mắc bệnh tim mạch\r\nGiảm béo, giảm mỡ đùi, mỡ bụng rất hiệu quả\r\nHỗ trợ điều trị chứng rối loạn mỡ máu, gan nhiễm mỡ\r\nHỗ trợ điều trị các bệnh lý về gan, bảo vệ và giải độc gan, bệnh xơ gan cổ trướng', 'Trước khi sử dụng cần nhặt sạch phần gỗ cây lim bám vào chân nấm( vì cây lim xanh là một loài lim độc, chất độc tồn tại trong vỏ)\r\nDùng nước muối loãng ngâm nấm trong thời gian 15 phút để nấm mềm hơn dễ thái đồng thời loại bỏ chất bẩn và độc tố còn sót lại.\r\nRửa sạch nấm 1 lần nữa, cần chú ý không để vỏ cây lim bán dính vào nấm.\r\nTiến hành thái nấm thành những miếng mỏng\r\nSắc với liều dùng 20-30g/ngày/người, sử dụng khoảng 1.5 lít nước đun sôi nhỏ lửa, duy trì thời gian sôi trong 15 phút sau đó chắt nước ra uống trong ngày.\r\nKhi thưởng trà làm từ nấm linh xanh sẽ cảm nhận được vị đắng đặc trưng của nấm, mùi thơm của nấm rừng. Vị đắng sẽ nhạt dần sau mỗi lần nấu, màu nước trà vẫn là màu nâu.', 'Các nghiên cứu của bác sỹ Đông Y đã chỉ ra rằng sử dụng nấm lim xanh chung với cây xạ đen sẽ mang lại hiệu quả điều trị Ung thư tuyệt vời. Tinh chất trong nấm và xạ đen giúp ngăn ngừa sự phát triển của các tế bào Ung thư, làm giảm đau, tăng cường sức đề kháng cho cơ thể.\r\n\r\nCách dùng: Kết hợp 20 gram nấm linh xanh và 30 gram xạ đen, đun sắc với 1.5 lít nước, uống trong ngày, sử dụng thường xuyên từ 2 tới 6 tháng.'),
(019, 000019, 'Quả nhàu từ lâu đã được biết đến như một loại thần dược trị bệnh hiệu quả, hỗ trợ điều trị bệnh xương khớp, tăng cường hệ miễn dịch và giải tỏa căng thẳng mệt mỏi… Tuy nhiên bạn có biết rằng quả nhàu còn có khả năng trị Gout tuyệt vời. Quả nhàu có khả năng tăng cường hệ miễn dịch, giảm đau nhức do gout, đặc biệt là triệt tiêu khối u khi bệnh gout đã tiến triển cao.', 'Trong quả nhàu có chứa rất nhiều dưỡng chất tốt như các alkaloids, glucozit anthraquinonie, sterol, proxeronine, … và một số dưỡng chất có lợi khác.\r\n\r\nCác vitamin nhóm B, nhóm C cùng các hoạt chất như canxi, axit linoleic, magiê, kali, protein,… góp phần làm nên sự đa dạng về dinh dưỡng trong trái nhàu khô, tổng hợp thành các tác dụng dược lý như:\r\nGiảm đau: Giảm thiểu các cơn đau nhức mỏi do hoạt động nhiều, tuổi cao…\r\nKháng viêm: Hỗ trợ các bệnh viêm khớp dạng thấp, viêm khớp nhiễm trùng,..\r\nLoại bỏ độc tố: Tăng khả năng hấp thụ vitamin, thảo dược và khoáng chất. Có khả năng chống oxy hóa cao giúp ngăn chặn sự hủy hoại những gốc tự do.\r\nNhuận tràng: Giúp nhuận tràng lâu và nhẹ nhàng, đi tiểu êm.', 'Phòng ngừa và điều trị các bệnh về xương khớp\r\nTrong trái nhàu khô có chứa canxi củng cố sự vững chắc của bộ xương, làm giảm sự loãng xương, ngăn ngừa các cơn đau khớp bất chợt do bệnh viêm khớp, bệnh Gout,… cắt bỏ căn nguyên của những trường hợp đau đớn xương khớp không rõ nguyên nhân. Ngoài ra, trái nhàu khô cũng có các hoạt chất giúp kháng viêm, giảm thiểu sự viêm khớp nhiễm trùng.\r\n\r\nTrái nhàu hỗ trợ tăng cường hệ miễn dịch\r\nSự có mặt của hoạt chất proxeronine kết hợp với enzym trong đường tiêu hóa làm cho tế bào tự sửa chữa và tái tạo một cách đầy thuyết phục giúp hệ miễn dịch tăng cường chức năng, đảm bảo mọi hoạt động của cơ thể diễn ra bình thường, linh hoạt. Ngăn ngừa sự phát triển của các tế bào xấu, bảo vệ cơ thể khỏe mạnh.\r\n\r\nTrái nhàu giúp giảm tinh thần mệt mỏi, căng thẳng\r\nĐối với những người hay căng thẳng, áp lực do công việc, tâm trạng dễ bực bội cáu gắt sử dụng trái nhàu khô sẽ giúp tinh thần sảng khoái, giảm bớt lo âu, mang lại cảm giác lạc quan hơn.\r\n\r\nNgoài ra, quả nhàu còn có tác dụng rất tốt trong giảm thiếu các bệnh lý về dạ dày như viêm loét dạ dày, viêm loét hang vị,… các dưỡng chất của trái nhàu làm liền các vết loét, hồi phục tổn thương, kích thích tiêu hóa giúp cơ thể tăng khả năng hấp thu dinh dưỡng.\r\n\r\nHỗ trợ nhuận tràng, điều hòa kinh nguyệt.', 'Có thể thấy rằng, trái nhàu khô có rất nhiều công dụng tuyệt vời. Nhưng cần sử dụng đúng cách, đúng thời điểm thì mới đem lại hiệu quả. Quả nhàu khô là một vị thảo dược không có độc tố, vô cùng lành tính nên mọi người có thể sử dụng thay trà hàng ngày. Dược liệu Thái Sơn xin gửi tới mọi người cách sử dụng trái nhàu khô hữu dụng tuyệt đối.', 'Hiện nay trên thị trường rất nhiều nơi cung cấp dược liệu, tuy nhiên để lựa chọn được một cơ sở cung cấp sản phẩm sạch, đảm bảo chất lượng vẫn còn là một vấn đề đối với người tiêu dùng. Tiệm thuốc nam Lê Thanh với rất nhiều năm gắn bó tìm hiểu và cung cấp cho khách hàng nguồn dược liệu sạch, an toàn, chúng tôi vẫn tự tin là đơn vị cung cấp tốt nhất tới tay người mua.\r\n'),
(020, 000020, 'Xuyên tâm liên (Andrographis paniculata) là thực vật thuộc họ Acanthaceae (họ ô rô), có rất nhiều tên gọi khác như: Cây lá đắng (khác với cây mật gấu), nhất kiến kỷ, công cộng, nguyên cộng, hùng bút, khô đảm thảo, lam khái liên,….', 'Trong cây xuyên tâm liên có các thành phần terpenoid như Andrographolide và Flavonoid như Dihydroxy Dimethoxy Flavone có khả năng ức chế virus Corona bằng cách bất hoạt enzyme protease của nó.\r\nĐặc biệt là Andrographolide không chỉ có khả năng ức chế sự phân chia của virus, nó còn kết hợp với một số hoạt chất trong cây làm tăng sức đề kháng cho cơ thể. Dự phòng các tổn thương trên gan và tim mạch, là ưu điểm vượt trội so với các loại thuốc hỗ trợ điều trị COVID-19 khác', 'Xuyên tâm liên có vị đắng, tính hàn, đi vào kinh phế, đại tràng, có công dụng giải nhiệt, tiêu độc, tiêu thũng, hoạt huyết. Đông y dùng nó để hạ sốt, chữa ho, cảm cúm, viêm phế quản, viêm phổi, viêm đường ruột, tiết niệu, bệnh viêm âm đạo, cao huyết áp, tê thấp, mụn nhọt,… Tại một số địa phương, thảo dược còn sử dụng cho một số phụ nữ sau sinh bị ứ huyết, bế kinh, đau nhức, mụn nhọt.\r\nHỗ trợ điều trị COVID-19 nhờ hoạt chất Andrographolide có trong vị thuốc xuyên tâm liên.\r\nỨc chế sự sinh sôi và phát triển của các chủng vi khuẩn: tụ cầu vàng (Staphylococcus aureus), vi khuẩn tả (Shigella shigae) và vi khuẩn lao (Mycobacterium tuberculosis). \r\n\r\nThải độc gan do ngộ độc CCl4, Paracetamol.\r\nTrị rắn cắn do xuyên tâm liên làm kết tủa nọc rắn.', 'Xuyên tâm liên là vị thuốc dân gian lâu đời, có rất nhiều cách dùng như nấu nước, pha trà, giã nát đắp vào chỗ viêm đau,…\r\n\r\nĐối với các bệnh nhân bị vấn đề về hô hấp, mụn nhọt hay sưng đau răng, tiêu chảy,… nên sử dụng dược liệu như sau:\r\n\r\nChuẩn bị: 20 – 30g cây xuyên tâm liên.\r\nĐun với 2 lít nước, để lửa vừa cho dược chất ra hết. Cạn còn khoảng 3 chén thì lấy uống, chia làm 3 bữa trong ngày, mỗi bữa uống 1 chén.\r\nNgoài ra, có thể lấy hãm trà uống hàng ngày để nâng cao sức khỏe, tăng cường sức đề kháng cơ thể.\r\nĐối với các bệnh nhân viêm tai, viêm mũi có thể giã nát dược liệu vắt lấy nước cốt để nhỏ vào vùng viêm.\r\n\r\nxuyên tâm liên có tác dụng gì\r\n\r\nMột số bài thuốc sử dụng Xuyên tâm liên \r\nXuyên tâm liên là một vị thuốc rất rẻ tiền lại dễ kiếm, cách dùng thì đơn giản nhưng cần tuân thủ liều lượng để đảm bảo an toàn và hiệu quả. Sau đây là một số bài thuốc dân gian có sử dụng xuyên tâm liên xin chia sẻ đến bạn đọc:\r\n\r\nChữa ho do lạnh:\r\nChuẩn bị: 12g Xuyên tâm liên, 10g Huyền sâm, 10g Sài đất, 4g Cam thảo, 4g Trần bì.\r\n\r\nBài thuốc: Đem tất cả các dược liệu rửa sơ qua với nước cho sạch bụi bẩn rồi sắc với 1 lít nước trên lửa nhỏ tới khi cạn còn khoảng 1 bát thì ngưng. Thuốc khá đắng nhưng phải uống hết một lần.\r\n\r\nCó thể dùng lá nhai và ngậm để trị viêm họng.\r\n\r\nChữa cảm mạo, đau đầu:\r\nChuẩn bị: 45g Cây xuyên tâm liên khô.\r\n\r\nBài thuốc: Sao vàng, đem sắc loãng với nước nóng rồi uống. Ngày uống 2 đến 3 lần.\r\n\r\nHỗ trợ chữa viêm phế quản:\r\nChuẩn bị: 10g Xuyên tâm liên, 10g Cây sài đất, 4g Cam thảo, 4g Trần bì.\r\n\r\nCách làm: Đem sắc uống với 1 lít nước, mỗi ngày 1 thang, uống trong 9 ngày. ', 'Xuyên tâm liên là một vị thuốc quý, dễ sử dụng và tác dụng chữa bệnh của nó là không phải bàn cãi. Tuy nhiên có một số trường hợp đặc biệt nên thận trọng và tham khảo ý kiến của bác sĩ chứ không nên vội sử dụng:\r\n\r\nNgười huyết áp thấp vì dược liệu có khả năng làm hạ huyết áp.\r\nNgười bị tỳ vị hư hàn.\r\nPhụ nữ có thai hoặc đang cho con bú\r\nNgười vừa phẫu thuật hoặc bị máu khó đông.\r\nNgười đang dùng thuốc ức chế miễn dịch hoặc chống đông máu vì có thể làm giảm tác dụng của thuốc.\r\nKhông nên lạm dụng dược liệu quá mức.'),
(021, 000021, 'Cây tầm bóp là loại rau dại mọc lan ở khắp các vùng nông thôn. Vì vậy nên ít người biết rằng đây còn là vị thuốc quý với nhiều công dụng chữa bệnh, trong đó có ung thư.', 'Thành phần hóa học chính của cây tầm bóp bao gồm:\r\n\r\nAlkaloid, Cacbohydrat.\r\nChất đạm, chất béo, chất xơ.\r\nCanxi, Magie, Photpho, Sắt, Kẽm.\r\nVitamin A, Vitamin C,…', 'Phòng chống bệnh tim, giảm lượng Cholesterol trong máu\r\nCây tầm bóp chứa một lượng lớn Vitamin C với tác dụng giúp cơ thể ngăn chặn các gốc tự do có thể làm hỏng mạch máu, từ đó giúp phòng ngừa và giảm thiểu được các bệnh về tim mạch.\r\nNgoài ra, Vitamin A và Vitamin C trong vị thuốc có thể làm giảm lượng Cholesterol trong máu, từ đó giúp cơ thể tránh được đột quỵ và các loại bệnh nguy hiểm. \r\nCây tầm bóp chữa bệnh gan\r\nNgăn ngừa tổn thương mô cơ và hỗ trợ điều trị bệnh gout\r\nTác dụng của rau tầm bóp giúp hỗ trợ điều trị ung thư\r\nCây tầm bóp có tác dụng giúp sáng mắt\r\nĐiều trị tiểu đường, phòng ngừa sỏi tiết niệu\r\nTăng cường hệ miễn dịch, chống nhiễm trùng và chữa lành vết thương', 'Rau tầm bóp thường được dùng để chế biến thành nhiều món ăn với hương vị rất đặc trưng, hơi đắng nhưng thanh và mát. Bên cạnh đó, người ta còn áp dụng cây này vào nhiều bài thuốc trị bệnh. Sau đây là một số gợi ý cho bạn. \r\n\r\nHỗ trợ điều trị bệnh tiểu đường\r\nBài thuốc 1:\r\n\r\nNguyên liệu\r\n\r\nCây tầm bóp: 40g.\r\nNước sạch: 1,5 lít.\r\nThực hiện\r\n\r\nRửa sạch với nước muối, để ráo rồi cắt thành từng khúc.\r\nCho dược liệu vào ấm sắc cùng 1.5 lít nước rồi đun sôi khoảng 20 phút.\r\nChia nước sắc làm 3 lần uống trong ngày trước khi ăn khoảng 30 phút. Kiên trì sử dụng đều đặn trong khoảng 1 tháng. \r\nBài thuốc 2:\r\n\r\nNguyên liệu\r\n\r\nTầm bóp tươi: 20g – 30g\r\nTim lợn.\r\nChu sa.\r\nThực hiện:\r\n\r\nNấu tầm bóp với tim lợn và chu sa.\r\nSử dụng cách ngày, uống từ 5 – 7 ngày.', 'Hiện nay rất nhiều người nhầm lẫn lu lu đực với tầm bóp, cây lu lu khi tươi có chứa độc tố bên trong. Do đó bạn cần phân biệt chúng để dùng cho đúng, tránh gây ảnh hưởng sức khỏe.\r\n\r\nBên cạnh sử dụng tầm bóp để điều trị bệnh, cần kết hợp xây dựng một chế độ ăn uống khoa học và lối sống sinh hoạt hợp lý, cụ thể:\r\n\r\nUống đủ 1.5 lít – 2 lít nước mỗi ngày để thúc đẩy cơ thể đào thải Acid Uric và các tiền tố khác nhau.\r\nĂn nhiều rau xanh, trái cây ít đường để cung cấp đầy đủ chất xơ và Vitamin cần thiết. \r\nTránh thức ăn nhiều đạm và dầu mỡ.\r\nThường xuyên vận động, tập thể dục thể thao. '),
(022, 000022, 'Thời La Mã, con người đã biết sử dụng trà hoa cúc như một dược liệu quý hiếm. Bông cúc sử dụng làm trà có tên gọi Chrysanthemum morifolium (cúc hoa trắng) hoặc Chrysanthemum indicum (cúc hoa vàng). Hoa được sấy khô, sau đó hãm với nước ở nhiệt độ 90 đến 95 độ C tạo thành màu nước vàng đến vàng tươi, mùi thơm nhẹ nhàng, khoan khoái. Đây là loại trà được sử dụng phổ biến ở Đông Á.', 'Cúc hoa có một số lượng lớn các nguyên tố vi lượng và tinh dầu.\r\n\r\nNgoài ra, trong cúc hoa có chứa một lượng nhỏ Se và Cr giúp chống lão hóa, ngăn ngừa các gốc tự do, đào thải mỡ máu, phòng chống bệnh tim mạch.\r\n\r\nTrong Đông y, cúc hoa có vị ngọt, cay, quy kinh phế, can, thận.', 'Phòng chống bệnh tim mạch: Trong cúc hoa có hoạt chất Flavonoid, các khoáng chất giúp ngăn ngừa sự lão hóa, bài trừ cholesterol, giúp tăng cường sự vững chắc của thành mạch, phòng chống bệnh máu nhiễm mỡ và các biến chứng tim mạch.\r\n\r\nTrà cúc bài trừ cảm lạnh: Theo Đông y, dược liệu có tính mát, phù hợp để dùng trong các trường hợp phong hàn, cảm lạnh kèm theo triệu chứng sốt cao, sưng nhức đầu. Cách 2 giờ sử dụng một tách trà hoa cúc nóng, sẽ làm giảm các triệu chứng cảm lạnh khó chịu trong cơ thể.\r\n\r\nNgăn ngừa Ung thư: Dược liệu có các hoạt chất tốt giúp ngăn ngừa các gốc tự do, phòng chống Ung thư và các khối u bướu. Một nghiên cứu cho thấy, trà hoa cúc sử dụng đều đặn mỗi ngày sẽ giúp các loại thuốc phòng chống Ung thư phát huy tác dụng mạnh hơn. Những người uống trà hoa cúc từ 2 đến 6 lần mỗi tuần, khả năng mắc Ung thư tuyến giáp ít hơn hẳn so với những người không sử dụng.\r\n\r\nCải thiện giấc ngủ, ổn định huyết áp: Đây là một liều thuốc tinh thần tuyệt vời đối với những người thường áp lực do công việc hoặc cuộc sống. Không chỉ vị trà mang lại cảm giác thơm ngon, thoải mái mà hương trà cũng khiến người dùng trở nên dễ chịu. Bởi thế, dùng trà hoa cúc cũng là một cách thưởng thức cuộc sống theo nhịp chậm rãi, tận hưởng từng chút một. Trước khi đi ngủ, một tách trà sẽ giúp cơ thể thư giãn, giấc ngủ sâu hơn, ngon và không mộng mị.\r\n\r\nMát gan, thải độc gan, làm đẹp hiệu quả: Tính mát của trà hoa cúc giúp thanh nhiệt, giải độc gan. Dược liệu giúp tiêu mụn nhọt, bài trừ độc tố, làm đẹp da, giúp làn da sáng mịn, bừng sức sống.', 'Cúc hoa là một dược liệu quý dành cho những cơ thể nhiều độc tố, vô cùng lành tính, hiệu quả sử dụng cao, thích hợp để đun nước trà hàng ngày.\r\n\r\nCách dùng: Lấy khoảng 50 – 80 gram cúc hoa khô đun sắc với 1.5 lít nước. Sử dụng trong ngày, thường xuyên khoảng từ 2 đến 6 tháng.\r\n\r\nNgoài cách đun sắc, cúc hoa cũng có thể dùng cách hãm thành trà. Đối với người cao tuổi, nhấp ngụm trà bình luận về thơ ca, chiêm nghiệm về cuộc sống.\r\n\r\nCách pha trà:\r\n\r\nBước 1: Dùng một nhúm cúc hoa ( 10g) khô cho 150 ml nước\r\nBước 2: Tráng trà, dùng nước sôi đổ 1 chút vào đảm bảo nước tưới qua 1 lượt trà lắc đều ấm rồi đổ nước này đi.\r\nBước 3: Cho nước ở nhiệt độ trên 90 độ C, pha trà theo tỉ lệ pha, đợi 5-7 phút cho nước ngấm vào trà. Thưởng thức khi trà còn ấm mùi vị sẽ thơm ngon hơn.\r\n', 'Vậy sử dụng trà thời điểm nào thì tốt?\r\n\r\nSau khi nạp một lượng lớn thức ăn, ăn thức ăn nhiều dầu mỡ hay thức ăn mặn nên sử dụng một tách trà để cơ thể tiêu hóa tốt hơn, thanh nhiệt, bài trừ lượng muối dư thừa.\r\nSau khi vận động ra nhiều mồ hôi, sau khi lao động hay trong tiết hè nóng nực, dùng trà hoa cúc giải nhiệt hiệu quả.'),
(023, 000023, 'Chè vằng hay còn gọi là chè cước man, cẩm vân, dây vắng… tùy theo từng địa phương khác nhau. Chè vằng mọc hoang ở các vùng đồi núi, phát triển mạnh mẽ và rất có giá trị dược liệu. Trong Đông y lưu truyền, đây là cây thuốc thường được sử dụng làm trà uống hàng ngày bởi tính mát, thanh nhiệt mát gan, giải độc cơ thể. Loại dược liệu này còn có tác dụng hỗ trợ điều trị kháng viêm, giảm đau, chống thiếu máu, tăng cường hấp thụ dinh dưỡng, loại bỏ chứng chán ăn, mệt mỏi, đặc biệt tốt đối với sản phụ.', 'Chè vằng là loại cây thân nhỏ, đường kính chỉ khoảng 3-4 mm. Thân rất cứng, từng đốt vươn dài mạnh mẽ. Lá có ba gân nổi rõ, hơi nhọn ở phía ngọn lá, cuống lá tròn, đậm màu sắc xanh mướt. Hoa có màu trắng không mọc thành chùm, quả có hình cầu. Hiện tại, cây chè vằng được cung cấp từ rất nhiều vùng dược liệu sạch trên cả nước ta.', 'Tác dụng tốt cho sản phụ\r\nThành phần chính của chè vằng là Flavanoid, một hoạt chất đặc biệt được nhiều người sử dụng dược liệu biết đến với công dụng chống khuẩn, kháng viêm, làm lành các vết thương hở. Ngoài ra các alkaloid cũng phối hợp hỗ trợ với hoạt chất trên. Glycosid có trong chè vằng giúp kích thích tiết sữa. Vì vậy mà các bà mẹ khi sử dụng loại chè này sẽ tiết sữa nhiều hơn, sữa đặc và mát giúp bé hay ăn chóng lớn. Thảo dược này còn giúp tiêu giảm mỡ thừa, đặc biệt là ở vòng bụng của các sản phụ.\r\n\r\nHỗ trợ điều trị mất ngủ, ăn không ngon\r\nChè vằng giúp kích thích cơ thể hấp thu chất dinh dưỡng. Những người hay bị đầy bụng hoặc khó tiêu hóa thức ăn sẽ có kết quả tốt nếu sử dụng thảo dược này một cách thường xuyên và lâu dài. Đối với người cao tuổi, sử dụng thảo dược mỗi ngày mang tới một giấc ngủ sâu, ngon hơn và đều đặn hơn.\r\n\r\nĐiều hòa kinh nguyệt không đều ở nữ giới\r\nPhụ nữ hoặc các bạn nữ kinh nguyệt không đều nên kết hợp sử dụng chè vằng với ích mẫu, 100ml nước sắc đặc sử dụng 2 lần một ngày.\r\n\r\nHỗ trợ phòng ngừa và điều trị áp – xe vú\r\nChè vằng tươi đắp lên ngực, nơi bị áp xe sẽ giúp kháng khuẩn, chống viêm vô cùng hiệu quả. Ngoài ra sử dụng nước pha trà hằng ngày cũng làm giảm các nguy cơ gây ra các bệnh lý như áp xe vú, u vú, ung thư vú,…\r\n\r\nGiảm cân hiệu quả\r\nCân nặng luôn là nỗi lo đối với các chị em phụ nữ. Sau khi sinh xong không tiện sử dụng các sản phẩm giảm cân vì lo lắng cho sự an toàn của cơ thể mẹ và chất lượng sữa cho trẻ nhỏ. Thảo dược này kích thích tiết sữa, kết hợp tiêu giảm mỡ thừa, đặc biệt là vùng bụng, mang đến cho các sản phụ công dụng nhân đôi, vừa có một cơ thể khỏe mạnh, duyên dáng mà không ảnh hưởng tới con.\r\nKháng khuẩn, làm sạch bệnh răng miệng \r\nChè vằng có thành phần kháng khuẩn chống viêm nên khi sử dụng thường xuyên sẽ tránh được các vấn đề về răng miệng như viêm lợi, nhiệt miệng, chảy máu chân răng… Ngoài tác dụng phòng ngừa, thảo dược cũng có tác dụng hỗ trợ chữa trị rất hiệu quả. Thảo dược này giúp làm lành các vết loét, được dùng để rửa các vết thương hở trong khoang miệng.\r\n\r\nTác dụng tốt đối với người cao tuổi\r\nĐối với người cao tuổi, giấc ngủ rất quan trọng. Thảo dược này mang lại một giấc ngủ tốt, giúp tuần hoàn máu tốt, ổn định huyết áp, hấp thụ dinh dưỡng và sinh khí tốt hơn. Đây thực sự là món quà vô giá đối với tuổi già.', 'Cây thuốc được thu hái quanh năm, thân và lá chè vằng được thưởng thức như trà hàng ngày. Người ta thu hái thân, lá đem hong khô, sau đó sắt nhỏ và bảo quản nơi khô ráo. Chè vằng khi sử dụng sẽ vị ngăm ngăm đắng chát, khi ngấm vào miệng thì sẽ có vị ngọt hậu, đặc biệt mùi trà rất thơm, uống chè vằng dần trở thành sở thích thưởng trà hàng ngày của mọi người.', 'Trẻ em dưới 6 tuổi : Cơ thể trẻ nhỏ rất mẫn cảm, đối với các loại thảo dược hầu hết khuyến cáo trẻ em bình thường trên 6 tuổi sử dụng. Trẻ em nhỏ hơn tốt nhất không nên sử dụng chè vằng.\r\nPhụ nữ đang mang thai: Cơ thể phụ nữ đang mang thai có rất nhiều điều cần lưu ý. Để con phát triển khỏe mạnh, các bà mẹ cần phải thận trọng khi sử dụng bất kì một loại thuốc hay loại dược liệu nào. Dược liệu này không phù hợp với cơ thể mang thai bởi tính gây co bóp tử cung dẫn tới ra thai, vì vậy không nên sử dụng chè vằng cho bà bầu.'),
(024, 000024, 'Cây thuốc sinh trưởng và phát triển tốt nhất trong điều kiện khí hậu nhiệt đới. trước đây, có thể tìm thấy cây cối xay ở nhiều vùng đất hoang trong tự nhiên. Tuy nhiên do nhu cầu sử dụng của khách hàng ngày càng nhiều, cây cối xay đã được đưa vào gieo trồng để đáp ứng nhu cầu sử dụng.\r\n\r\nĐây là loại thảo dược có thể sử dụng mọi bộ phận để bào chế thành thuốc. Thời điểm thích hợp nhất để thu hoạch dược liệu là vào tháng 3 – 4, khi đó cây có chứa lượng dược tính cao nhất.', 'Trong rễ cây cối xay có chứa lượng chất béo cao.\r\nNhững dưỡng chất có thể điều chế ở dạng tinh dầu: Caryophyllene oxide, Feranyl aceta, Cineol, Geraniol, Borneol, Alemen, B-pinene\r\nTrong hạt của quả Cối Xay còn chứa lượng chất dồi dào như: Acid linoleic, Panmitic stearic…\r\nTrong cây cối xay còn chứa chất nhầy và hoạt chất Asparagin.', 'Những tác dụng của cối xay trong y học cổ truyền\r\nCây cối xay trong Đông y là vị thuốc tính mát, vị ngọt thanh với những công dụng điều trị bệnh lý như:\r\n\r\nHỗ trợ điều trị bệnh trĩ nhẹ, bao gồm cả trĩ nội và trĩ ngoại.\r\nHỗ trợ điều trị bệnh đi tiểu buốt, tiểu tiện ra máu, tiểu rắt.\r\nLà bài thuốc hiệu quả được dùng trong điều trị các bệnh về xương khớp, thoái hóa và co cứng khớp.\r\nHỗ trợ đào thải độc tố, phục hồi chức năng hoạt động của thận.\r\nThanh nhiệt và giải độc cho cơ thể.\r\nLà cây thuốc có công dụng hiệu quả trong điều trị bệnh về da như nổi mẩn ngứa, viêm da cơ địa, mụn nhọt.\r\nNhững tác dụng tuyệt vời của cây cối xay theo y học hiện đại\r\nCó thể sử dụng thảo dược để điều trị những bệnh về thận, suy giảm chức năng thận, sỏi thận.\r\nCây cối xay sử dụng được trong các bài thuốc điều trị phù thũng.\r\nHỗ trợ rút ngắn thời gian điều trị các bệnh lý về gan, thận.\r\nKháng khuẩn, tiêu viêm, giúp vết thương trên da nhanh lành.\r\nSử dụng cây cối xay có thể khắc phục các bệnh về đường tiết niệu.', 'Những đối tượng có thể sử dụng cây cối xay để điều trị bệnh là:\r\n\r\nNgười gặp vấn đề khó tiểu tiện hay các triệu chứng phù thũng.\r\nNgười đang bị cảm mạo kèm theo triệu chứng sốt cao.\r\nCơ thể đang bị thoái hóa xuất hiện triệu chứng đau nhức xương khớp.\r\nNgười có thói quen sử dụng bia rượu thường xuyên.\r\nNgười gặp vấn đề viêm da, lở loét, mụn nhọt.\r\nNgười bị nóng trong, muốn thanh nhiệt, giải độc cho cơ thể.\r\nNgười đang bị bệnh về thận, suy giảm chức năng thận.', 'Như chúng ta đã biết, Cối Xay trong Đông Y và Tây Y đều được xem là vị thuốc tốt với nhiều công dụng tuyệt vời. Tuy nhiên để thuốc phát huy tốt công dụng, bạn nên lưu ý những điều sau:\r\n\r\nKhông nên lạm dụng cây cối xay quá nhiều trong thời gian dài vì có thể gây ra tác dụng ngược.\r\nTrước khi muốn sử dụng những bài thuốc từ thảo dược Cối Xay, bạn cần tham khảo qua ý kiến thầy thuốc, bác sĩ có chuyên môn.\r\nPhụ nữ mang thai, đang cho con bú và trẻ nhỏ cần tránh sử dụng thảo dược.\r\nNước cây cối xay nếu đã để qua đêm thì không nên sử dụng.'),
(025, 000025, 'Lá sen vốn là vị thuốc tốt cho sức khỏe. Chúng có vị đắng, tính mát, thường được sử dụng để thải độc gan, giảm cân, điều trị mỡ máu, ổn định đường huyết hay dưỡng thần… Tuy nhiên, không phải loại lá nào cũng có thể sử dụng làm trà. Trà lá sen phải được chọn từ lá bánh tẻ, ở những hồ sen cách xa thành phố, không bị ảnh hưởng bởi chất hóa học hay bị ô nhiễm bởi môi trường. Lá khi thu hoạch cũng không được quá non, không được quá già. Để có được một ấm trà thơm ngon, lá sen đã phải trải qua quá trình chọn lựa kĩ lưỡng.', 'Theo các nghiên cứu khoa học của giới khoa học Việt Nam, trong lá sen có nhiều thành phần như:\r\n\r\nCác alkaloid trong đó nuciferine là alkaloid chính\r\nMột số hoạt chất flavonoid có công dụng kháng viêm, hỗ trợ ngăn ngừa sự lão hóa của tế bào.\r\nNgoài ra, còn có một số chất dinh dưỡng khác như vitamin C, tanin, axit citric,…', 'Điều hòa huyết áp, trị huyết áp cao\r\nChứa hàm lượng nuciferin có tác dụng ổn định huyết áp, hạ huyết áp. Sử dụng trà lá sen khô giúp hỗ trợ ổn định huyết áp, đặc biệt là với những người huyết áp cao.\r\n\r\nGiảm béo, điều trị mỡ máu\r\nHỗ trợ tiêu giảm mỡ thừa, giảm hàm lượng cholesterol trong máu, giảm thiểu sự ngưng tập tiểu cầu, cải thiện tuần hoàn máu, sử dụng thường xuyên có khả năng giảm mỡ máu hiệu quả, hỗ trợ phòng ngừa tai biến mạch máu não, vô cùng phù hợp với người cao tuổi.\r\n\r\nThanh nhiệt, thải độc gan\r\nGiải độc cơ thể với thảo dược lá sen là một biện pháp rất an toàn mà không có tác dụng phụ, không chỉ được ghi lại trên các sách y học cổ truyền mà Y học hiện đại cũng đã có nhiều nghiên cứu về tác dụng của trà lá sen có tác dụng thải độc cơ thể hiệu quả với cơ chế giúp tăng cường chức năng gan.\r\n\r\nĐiều trị mất ngủ, stress\r\nThành phần của lá sen có chứa Alkaloid, có tác dụng an thần hỗ trợ điều trị mất ngủ. Sử dụng trà lá sen hàng ngày giúp hỗ trợ giải tỏa căng thẳng mệt mỏi, dưỡng thần hiệu quả.\r\n\r\nNgoài ra, thảo dược này có một số công dụng khác như hỗ trợ điều trị sốt xuất huyết, đào thải máu độc, thanh lọc cơ thể lấy lại sự cân bằng giữa cơ thể và môi trường sống.', 'Cách pha trà:\r\n\r\nBước 1: Dùng một nhúm 10g lá khô cho 150 ml nước\r\nBước 2: Tráng trà, dùng nước sôi đổ 1 chút vào đảm bảo nước tưới qua 1 lượt trà lắc đều ấm rồi đổ nước này đi.\r\nBước 3: Cho nước sôi ấm pha trà theo tỉ lệ pha, đợi 5-7 phút cho nước ngấm vào trà. Thưởng thức khi trà còn ấm mùi vị sẽ thơm ngon hơn.\r\nCách nấu trà:\r\n\r\nNếu như bạn không có thói quen nhâm nhi ly trà vào mỗi sáng thì cũng có thể sử dụng thảo dược này để nấu nước uống thay nước hàng ngày.\r\nMỗi ngày lấy khoảng 30-50g phơi khô đem nấu với 1.5 lít nước uống.', 'Hiện nay trên thị trường rất nhiều nơi cung cấp dược liệu, tuy nhiên để lựa chọn được một cơ sở cung cấp sản phẩm sạch, đảm bảo chất lượng vẫn còn là một vấn đề đối với người tiêu dùng. Tiệm thuốc nam Lê Thanh với rất nhiều năm gắn bó tìm hiểu và cung cấp cho khách hàng nguồn dược liệu sạch, an toàn, chúng tôi vẫn tự tin là đơn vị cung cấp tốt nhất tới tay người mua.\r\n'),
(026, 000026, 'Cây cỏ xước là một vị thuốc nam quý được sử dụng rộng rãi trong Y học cổ truyền. Loại dược liệu này còn được biết đến với cái tên khác như cây ngưu tất, hoài ngưu tất. Cây thân thảo sống nhiều năm, thường có chiều cao từ 60-110cm. Rễ củ hình trụ dài. Thân có 4 cạnh, phình lên ở các đốt như gối trâu nên gọi là ngưu tất. Bạn có thể tìm thấy cỏ xước ở ven sông, ven bìa rừng, đồi núi,… cỏ xước mọc hoang khắp nơi.', 'Bộ phận sử dụng làm thuốc là thân, lá và rễ cây. Người ta thường đào cả cây đem về rửa sạch, hong khô và cắt khúc nhỏ. Sử dụng cây cỏ xước sẽ giúp cho cơ thể tăng bài thải chất độc, lọc thận, lợi tiểu. Đặc biệt, trà làm từ cỏ xước rất dễ sử dụng, thơm ngon bổ dưỡng, tăng cường sức đề kháng cho người bệnh.\r\n\r\nCây cỏ xước có rất nhiều chất dinh dưỡng, rễ cỏ xước chứa hoạt chất saponin. Ngoài ra còn có ecdysteron, inokosteron và muối kali. Saponin là hợp chất có nhiều trong rau và thảo dược, tác dụng chính của saponin là làm giảm cholesterol, giảm nguy cơ ung thư, tăng cường sức đề kháng của hệ miễn dịch và đóng vai trò như một chất chống oxy hóa.', 'Ứng dụng cây cỏ xước có tác dụng điều trị các bệnh: \r\n\r\nHỗ trợ và điều trị các bệnh lý về thận như viêm cầu thận, suy thận, các chứng vàng da, nặng chân, phù thũng.\r\nHỗ trợ, điều trị viêm đa khớp dạng thấp, giảm đau các khớp.\r\nGiảm cholesterol trong máu.\r\nHỗ trợ ngăn ngừa xơ vữa động mạch, các biến chứng tim mạch.\r\nĐiều hòa kinh nguyệt không đều, huyết hư.', 'Cách pha trà:\r\n\r\nBước 1: Dùng một nhúm cỏ xước( 10g) khô cho 150 ml nước\r\nBước 2: Tráng trà, dùng nước sôi đổ 1 chút vào đảm bảo nước tưới qua 1 lượt trà lắc đều ấm rồi đổ nước này đi.\r\nBước 3: Cho nước sôi ấm pha trà theo tỉ lệ pha, đợi 5-7 phút cho nước ngấm vào trà. Thưởng thức khi trà còn ấm mùi vị sẽ thơm ngon hơn.\r\nCách nấu trà:\r\n\r\nNếu như bạn không có thói quen nhâm nhi ly trà vào mỗi sáng thì cũng có thể sử dụng cỏ xước để nấu nước uống thay nước hàng ngày.\r\nMỗi ngày lấy khoảng 50-80g cỏ xước phơi khô đem nấu với 1.5 lít nước uống.', 'Người thường xuyên bị đau lưng, mỏi gối, đau nhức xương khớp, viêm đa khớp dạng thấp.\r\nBệnh nhân suy thận, thận yếu, chức năng thận kém, người mắc viêm cầu thận, thủy thũng, vàng da, nặng chân.\r\nNhững người mỡ máu cao, đề phòng biến chứng tim mạch.\r\nĐặc biệt, cỏ xước là thảo dược không có độc tính, không gây ảnh hưởng tới các chỉ tiêu hóa sinh, huyết học, cổ truyền và sinh sản khi sử dụng trong thời gian dài. Các nghiên cứu cũng cho thấy cỏ xước không có các tác dụng phụ như đầy bụng, nôn mửa hoặc khó chịu, mệt mỏi, nhức đầu hoặc các biểu hiện dị ứng nên người bình thường có thể sử dụng thay trà hàng ngày.'),
(027, 000027, 'Ngoài tên thường gọi, dừa cạn còn nhiều tên gọi khác như: Hoa dừa cạn, bông dừa cạn, rau dừa cạn, cây dừa cảnh, dừa kiểng, cây hải đằng, trường xuân, cây dương giác,…\r\n\r\nTheo các nhà thực vật học, cây thuốc này có tên khoa học là Catharanthus Roseus, thuộc họ Trúc Đào.', 'Hầu hết toàn bộ các bộ phận của cây thuốc điều có giá trị trong y học như: Lá, rễ, thân. Nhưng hầu hết người ta thường dùng lá và phần ngọn cây đem phơi khô hoặc sấy để chế biến thuốc.\r\nTheo kết quả nghiên cứu của các nhà thực vật học, bên trong cây hoa dừa cạn có rất nhiều hoạt chất alkaloid nhân indol và ở phần lá, rễ cây là nơi có nhiều loại hoạt chất này nhất.\r\n\r\nNgoài ra, còn có các chất như: vinblastin, vincristine tetrahydro alston, printing, vindoline, catharanthine, vindoline, ajmalicine, vincosid (1 glycoalkaloid tiền thân để tổng hợp các hoạt chất alkaloid).', 'Giúp phòng chống và hỗ trợ trị bệnh ung thư, đặc biệt là bệnh ung thư máu.\r\nTác dụng hỗ trợ điều trị tiểu đường, giúp ổn định đường huyết.\r\nGiúp ăn ngon, giấc ngủ sâu hơn.\r\nHỗ trợ điều trị bệnh máu trắng có hiệu quả rất bất ngờ.\r\nGiúp hạ huyết áp.\r\nĐiều trị đau nhức về xương khớp.\r\nChữa bỏng nhẹ, giảm đau rát, giúp vết thương mau lành da.', 'Cây rau dừa cạn có thể hỗ trợ và điều trị được rất nhiều bệnh lý khác nhau như: tăng huyết áp, mất ngủ, ung thư,… Sau đây là một số bệnh lý mà ta có thể áp dụng cây bông dừa để có thể hỗ trợ điều trị.\r\n\r\nChúng ta có thể sử dụng dừa cạn khoảng 10g đến 20g/ngày ở dưới dạng thuốc sắc, cao lỏng hoặc dạng viên. Đây là liều dùng an toàn và hiệu quả đối với người bệnh. Tuy nhiên, nên gia giảm liều lượng tùy vào tình trạng bệnh và cơ địa mỗi người.\r\n\r\nNếu muốn gia tăng liều lượng, người bệnh nên tham khảo trước thông qua bác sĩ y học cổ truyền, thầy thuốc hoặc những người có kinh nghiệm sử dụng lâu năm.', 'Cây dừa cạn có thể gây hại cho thai nhi, phụ nữ đang mang thai và cho con bú. Ngoài ra, vì có tác dụng hạ huyết áp, những người có huyết áp thấp cũng nên sử dụng vừa phải để tránh tụt huyết áp. \r\n\r\nTrong các tài liệu Đông y, không thấy ghi nhận trường hợp dừa cạn kiêng kỵ với các loại thực phẩm hay đồ uống hàng ngày. Vì vậy, trong quá trình sử dụng, người bệnh không cần lo lắng về việc tương tác thuốc.'),
(028, 000028, 'Cây hoa hòe từ lâu được trồng làm cây cảnh trong nhiều gia đình Việt Nam. Không chỉ là cây phong thủy, loại cây này còn cho nụ hoa có giá trị rất cao về mặt dược liệu. Nụ hoa hòe tinh chế thành trà giúp ổn định huyết áp, ngăn ngừa tai biến mạch máu não. Ngoài ra, nụ hoa cũng có tác dụng chống xuất huyết máu trong một số trường hợp.', 'Thành phần chính của nụ hoa hòe là rutin, hàm lượng có thể lên tới 28%. Rutin có hoạt tính vitamin PP, có tác ngăn ngừa tai biến mạch máu não, điều trị suy yếu tĩnh mạch và một số trường hợp xuất huyết. Ngoài ra, rutin còn là thành phần trong các bài thuốc chữa trĩ, dị ứng và thấp khớp.\r\n\r\nTrong cây hoa hòe có hoạt chất flavonoid ở lá và ở thân. Các chỉ số hàm lượng trong lá và thân khác nhau, tuy nhiên hoạt chất này không có ý nghĩa thực tế.', 'Hoa hòe được biết đến là một loại dược liệu quý được sử dụng rất nhiều trong nhân dân, phù hợp để làm trà uống hàng ngày, tốt cho sức khỏe. Hãy cùng tìm hiểu một số công dụng nổi bật của hoa hòe trong điều trị bệnh dưới đây:\r\n\r\nHỗ trợ phòng và điều trị huyết áp cao, giúp ổn định huyết áp.\r\nHỗ trợ sự vững chãi của thành mao mạch, đề phòng chứng đứt mạch máu não.\r\nHiệu quả trong việc giảm cholesterol và mỡ máu, phòng trị xơ vữa động mạch.\r\nTrà thảo dược cũng giúp hỗ trợ và điều trị các bệnh như trĩ ra máu, dị ứng và thấp khớp.', 'Hãm trà nụ hoa hòe \r\n\r\nBước 1: Dùng một nhúm nụ ( 10g) khô cho 150 ml nước\r\nBước 2: Tráng trà, dùng nước sôi đổ 1 chút vào đảm bảo nước tưới qua 1 lượt trà lắc đều ấm rồi đổ nước này đi.\r\nBước 3: Cho nước sôi ấm pha trà theo tỉ lệ pha, đợi 5-7 phút cho nước ngấm vào trà. Thưởng thức khi trà còn ấm mùi vị sẽ thơm ngon hơn.\r\nĐun sắc nụ hoa hòe \r\n\r\nMỗi ngày lấy khoảng 50-80g nụ phơi khô đem nấu với 1.5 lít nước uống.\r\nSử dụng trong ngày cho 1 người sử dụng.', 'Hiện nay trên thị trường rất nhiều nơi cung cấp dược liệu, tuy nhiên để lựa chọn được một cơ sở cung cấp sản phẩm sạch, đảm bảo chất lượng vẫn còn là một vấn đề đối với người tiêu dùng. Tiệm thuốc nam Lê Thanh với rất nhiều năm gắn bó tìm hiểu và cung cấp cho khách hàng nguồn dược liệu sạch, an toàn, chúng tôi vẫn tự tin là đơn vị cung cấp tốt nhất tới tay người mua.\r\n'),
(029, 000029, 'Cây lá khôi còn được gọi với nhiều cái tên khác như: khôi Nhung, khôi Tía. Loại cây này thuộc họ nhà cây Anh Thảo và rất dễ để nhận dạng.\r\nĐây là loại cây mọc thẳng đứng có thân mềm, chiều cao trung bình của cây có thể lên đến 2m. Cây phân chia ít nhánh và trong thân cây rỗng xốp.\r\n\r\nLá khôi chủ yếu mọc nhiều ở phần ngọn và tán lá thường mọc so le với nhau. Lá có mặt trên màu xanh sẫm, bên dưới mặt lá là màu đỏ tím như nhưng và xung quanh mép lá có hình răng cưa nhỏ.', 'Trong cây lá khôi tồn tại những thành phần hóa học như:\r\n\r\nTanin\r\nLượng chất Tanin trong lá cây thảo dược này có thể hỗ trợ điều trị nhiều bệnh lý. Lượng Tanin có thể làm chậm quá trình oxy hóa tế bào, ức chế sự lây lan nhanh chóng của các tế bào ung thư.\r\n\r\nGlycoside\r\nLượng chất Glycoside được tìm thấy trong lá khôi có chức năng bảo vệ hoạt động khỏe mạnh của hệ tim mạch. Đồng thời, đây cũng là chất tham gia vào quá trình cải thiện chức năng của hệ thần kinh, hỗ trợ điều trị suy nhược thần kinh, cải thiện trí nhớ.\r\n\r\nNgoài ra, thành phần trong cây khôi nhung còn chứa lượng vitamin, khoáng chất thiết yếu giúp cơ thể khỏe mạnh.', 'Tác dụng của lá khôi theo Y học cổ truyền\r\nHỗ trợ điều trị dị ứng và các bệnh về da khác.\r\nCó thể điều trị bệnh đau dạ dày.\r\nTiêu độc, làm mát cơ thể và đào thải lượng độc tố tích tụ ra bên ngoài.\r\nLà vị thuốc trị viêm họng, đau rát cổ họng.\r\nRút ngắn thời gian điều trị các triệu chứng ghẻ lở, viêm loét hay nổi mề đay.\r\nLà bài thuốc điều trị bệnh về thấp khớp.\r\nTác dụng của lá khôi theo y học hiện đại\r\nHỗ trợ điều trị dứt điểm các bệnh về dạ dày\r\nMột công dụng nổi bật nhất của cây lá khôi được các chuyên gia đánh giá cao là có khả năng điều trị các bệnh về dạ dày. Thành phần trong cây thuốc làm giảm quá trình tiết axit trong dạ dày. Nhờ vậy, bệnh nhân bị đau dạ dày có thể kiểm soát tốt tình trạng bệnh, tần suất cũng như cường độ của các cơn đau.\r\n\r\nLá khôi là vị thuốc quý hiệu quả trong việc hỗ trợ điều trị đau dạ dày, viêm dạ dày\r\nLá khôi là vị thuốc quý hiệu quả trong việc hỗ trợ điều trị đau dạ dày, viêm dạ dày\r\nTiêu diệt vi khuẩn HP\r\nVi khuẩn HP là nguyên nhân hàng đầu dẫn đến tình trạng viêm loét dạ dày, lâu dần phá hủy tế bào dạ dày gây ra ung thư. Sử dụng lá khôi giúp tiêu diệt vi khuẩn HP, phục hồi chức năng dạ dày và phòng chống oxy hóa, hình thành khối u.\r\n\r\nCải thiện hoạt động hệ tiêu hóa\r\nNếu như bạn đang gặp phải những vấn đề về hệ tiêu hóa như ăn uống kém, đầy bụng, khó tiêu. Đặc biệt là khả năng hấp thụ dinh dưỡng không cao do chức năng hoạt động của hệ tiêu hóa kém. Bạn có thể sử dụng cây lá Khôi để giải quyết những tình trạng trên.\r\n\r\nGiải tỏa căng thẳng\r\nBệnh nhân bị căng thẳng, áp lực, suy nhược thần kinh, trí nhớ kém, ngủ không ngon giấc đểu có thể sử dụng dược liệu lá Khôi để điều trị bệnh.\r\n\r\nHỗ trợ làm lành vết thương nhanh chóng\r\nCông dụng tiếp theo của cây lá khôi đó là có thể làm lành các vết thương cách nhanh chóng. Đặc biệt là với khả năng kháng khuẩn, chống viêm để hạn chế tình trạng nhiễm trùng ở vết thương hở. Thành phần trong thảo dược còn làm nhiệm vụ cung cấp dược chất giúp làm liền sẹo trong thời gian ng', 'Bộ phận được sử dụng làm thuốc của loại thảo dược này chủ yếu lá lá và ngọn cành cây. Tuy nhiên, trong trường hợp khan hiếm, mọi bộ phận của cây đều có thể được thu hái để điều chế thành thuốc.\r\n\r\n', 'Nếu như bạn đang gặp phải một trong những tình trạng dưới đây, có thể sử dụng cây lá khôi để hỗ trợ điều trị:\r\n\r\nNgười đang gặp phải các vấn đề khó chịu về đường tiêu hóa, mắc các bệnh về dạ dày: Mắc phải vi khuẩn HP, viêm loét dạ dày, trào ngược thực quản, trào ngược dạ dày, viêm loét đại tràng.\r\nNgười gặp phải tình trạng tiêu hóa kém, thường xuyên xuất hình tình trạng chướng bụng, ợ nóng, ợ chua.\r\nNgười mắc bệnh viêm họng, viêm phế quản.\r\nNgười gặp phải các bệnh về xương khớp.'),
(030, 000030, 'Cỏ mần trầu được biết đến là một loại cây cỏ mọc hoang dại ven đường ở các làng quê Việt Nam. Từ lâu, loại thảo dược này đã được sử dụng rất nhiều trong y học cổ truyền. Trong đó, mần trầu là dược liệu được sử dụng nhiều trong các bài thuốc làm đẹp da,  bổ máu, giải độc gan, chữa nhiều bệnh.', 'Theo các nghiên cứu khoa học nước ngoài, mần trầu có các hoạt chất như flavonoid, phenol, steroid, saponin, tanin, alkaloid,… các hoạt chất này đều có nhiều hoạt tính sinh học và là thành phần không thể thiếu trong các loại thảo dược Việt Nam.\r\n\r\nDưỡng chất quý trong thảo dược này có tính kháng khuẩn cao, có thể kháng nấm và virus, tăng cường miễn dịch cho cơ thể.', 'Trong đông y, thảo dược có vị đắng, tính bình, có tác dụng hạ nhiệt tiêu viêm, cầm máu và ra mồ hôi.\r\n\r\nTrong y học hiện đại, cỏ mần trầu được tìm ra nhiều hoạt chất có các tác dụng dược lý khác nhau, hỗ trợ tăng cường đề kháng, mang lại một cơ thể khỏe mạnh. Hãy cùng tìm hiểu một số tác dụng của cỏ mần trầu trong điều trị bệnh dưới đây:\r\n\r\nGiúp đẹp da, mượt tóc\r\nTheo nghiên cứu của giáo sư Đỗ Tất Lợi, đây là vị thuốc mát, tốt cho gan. Vì vậy, dùng trà mần trầu thường xuyên có thể giúp da láng mịn, tươi sáng. Ngoài ra, tính mát của mần trầu còn có tác dụng hạ nhiệt, giảm sốt cao, co giật, giúp ra mồ hôi. Lá mần trầu có thể kết hợp với hương nhu, bồ kết dùng để gội đầu, tóc sẽ bóng mượt, chắc khỏe.\r\n\r\nĐiều trị huyết áp cao, ổn định huyết áp\r\nCác dưỡng chất trong thảo dược có tác dụng điều hòa huyết áp một cách hiệu quả. Trong khi nhiều nước trên thế giới muốn diệt loại cỏ này thì các nước châu Á, điển hình là Việt Nam dùng cỏ mần trầu như một thảo dược quý. Sử dụng thảo dược này đun nước hàng ngày sẽ giúp huyết áp ở mức trung bình, ngăn ngừa bệnh tăng huyết áp, tốt cho người cao tuổi, người có tiền sử bệnh huyết áp cao.\r\n\r\nTăng cường tiêu hóa, giải độc gan\r\nDựa vào các thành phần dược lý của cỏ mần trầu, các dưỡng chất là những thành phần có tính kháng khuẩn tốt. Vì vậy, thảo dược có thể kháng lại các virus trong hệ tiêu hóa, điều trị các chứng viêm, tiêu chảy. Đây là vị thuốc nam giúp phục hồi và tăng cường chức năng gan, thanh lọc cơ thể, kích thích khả năng tiêu hóa tốt.\r\n\r\nChữa nứt môi, tưa lưỡi do nóng sốt\r\nTác dụng hạ nhiệt của cỏ mần trầu giúp hạ sốt hiệu quả, thanh nhiệt cơ thể, tăng cường miễn dịch.\r\n\r\nGiúp an thai\r\nPhụ nữ mang thai sử dụng trà cỏ mần trầu giúp cơ thể khỏe mạnh hơn, hỗ trợ ngừa chứng táo bón, mang lại sự an dưỡng cho cả cơ thể con và cơ thể mẹ.\r\n\r\nĐiều trị bệnh viêm thận, sỏi thận\r\nTheo Đông y Việt Nam, cỏ mần trầu kết hợp bông mã đề uống hàng ngày giúp giảm thiểu viêm thận, bài trừ sỏi thận hiệu quả.\r\n\r\nHạ sốt ở trẻ em, điều trị rôm sảy\r\nKhông chỉ ở người lớn, đối với trẻ em, sử dụng thảo dược cũng giảm sốt một cách hiệu quả. Ngoài ra, cỏ mần trầu còn giúp điều trị chứng rôm sảy, ban đỏ của trẻ. Mọi người có thể cho trẻ dùng để uống hoặc đun nước tắm.\r\n\r\nGiúp phòng bệnh viêm não do virus\r\nHoạt chất trong thảo dược này giúp mang lại đề kháng cao, kể cả virus. Dùng trà cỏ mần trầu hàng ngày vừa có thể làm đẹp da, vừa có thể phòng ngừa nhiều bệnh.', 'Đây là một loại thảo dược quý và cực dễ tìm. Với những công dụng của cỏ mần trầu, mọi người nên sử dụng thường xuyên để cảm nhận tốt hơn về hiệu quả.\r\n\r\nCách dùng: Lấy khoảng 50 gram khô đun sắc với 1.5 lít nước. Sử dụng trong ngày, thường xuyên khoảng từ 2 đến 6 tháng.\r\n\r\nNgoài cách đun sắc, cũng có thể dùng cách hãm thành trà. Đối với người cao tuổi, nhấp ngụm trà bình luận về thơ ca, chiêm nghiệm về cuộc sống.', 'Hiện nay trên thị trường rất nhiều nơi cung cấp dược liệu, tuy nhiên để lựa chọn được một cơ sở cung cấp sản phẩm sạch, đảm bảo chất lượng vẫn còn là một vấn đề đối với người tiêu dùng. Tiệm thuốc nam Lê Thanh với rất nhiều năm gắn bó tìm hiểu và cung cấp cho khách hàng nguồn dược liệu sạch, an toàn, chúng tôi vẫn tự tin là đơn vị cung cấp tốt nhất tới tay người mua.\r\n'),
(031, 000031, 'Bạch hoa xà thiệt thảo là loại thuốc quý, thân thảo và sống quanh năm trên các sườn đồi sườn núi Việt Nam. Xà thiệt thảo cùng được tìm thấy ở nhiều nước khác như Nhật Bản, Trung Quốc, Nepal, Bangladesh, Sri Lanka, Thái Lan và một số nước khác.', 'Theo Đông y, Bạch hoa xà thiệt thảo có vị ngọt, nhạt, hơi đắng, tính mát, không độc. Tác dụng thanh nhiệt, giải độc, lợi thấp, tiêu thũng, hoạt huyết, lợi niệu, tiêu ung tán kết\r\n\r\nTheo Y học hiện đại, các nghiên cứu chỉ ra rằng vị thuốc quý này có chứa hydrocarbur, acid oleanolic, acid asperulosidic, ursolic, acid p-coumaric, stigmasterol, B-sitosterol, sitosterol-D-glucose giúp ức chế sự phân chia sinh sản của các tế bào ung thư, tăng cường sức đề kháng, tăng khả năng chống chọi lại bệnh tật.', 'Hỗ trợ điều trị ung nhọt, u bướu\r\nHỗ trợ điều trị ung thư phổi\r\nHỗ trợ điều trị ho do viêm phổi\r\nHỗ trợ điều trị đường tiểu viêm, tiểu buốt, tiểu gắt\r\nHỗ trợ điều trị chấn thương thời kì đầu\r\nHỗ trợ điều trị rắn độc cắn\r\n\r\n', 'Hỗ trợ điều trị ung nhọt, u bướu: Dùng bạch hoa xà thiệt thảo 50g, bán chi liên 30g sắc uống, ngoài ra đâm nát đắp lên chỗ đau.\r\n\r\nHỗ trợ điều trị ung thư phổi: Dùng cây thuốc kết hợp với rễ cỏ tranh mỗi thứ 30g, sắc uống và thêm 1 ít đường.\r\n\r\nHỗ trợ điều trị ho do viêm phổi: Dùng 40g bạch hoa xà thiệt thảo , trần bì 8g, sắc uống.\r\n\r\nHỗ trợ điều trị đường tiểu viêm, tiểu buốt, tiểu gắt: Dùng bạch hoa xà thiệt thảo, dã cúc hoa, kim ngân hoa mỗi thứ 40g, thạch vi 20g, sắc uống thay nước trà.\r\n\r\nHỗ trợ điều trị chấn thương thời kì đầu: Dùng 120g cây thuốc, nước, rượu mỗi thứ 1 nửa sắc uống.\r\n\r\nHỗ trợ điều trị rắn độc cắn: Dùng 20g cây thuốc, sắc với 200ml rượu uống trong ngày, dùng 2/3 thuốc, chia làm 2-3 lần uống, còn 1/3 đắp vào vết cắn.\r\nBạn đang mong muốn một bài thuốc hỗ trợ điều trị Ung thư hiệu quả?\r\nBán chi liên :  20 gram\r\nBạch hoa xà thiệt thảo: 40 gram\r\nCây xạ đen: 40 gram\r\nSắc với 2 lít nước, uống trong ngày\r\nSự xuất hiện của cây xạ đen tạo thành bài thuốc hoàn hảo để hỗ trợ phòng ngừa và điều trị Ung thư. Với những tác dụng mà cây xạ đen mang lại sẽ giúp hiệu quả hỗ trợ điều trị các tế bào Ung thư, khối U tăng lên rất nhiều lần.', 'Đây là một vị thuốc quý dùng để kết hợp hỗ trợ điều trị các tế bào Ung thư, các khối U bướu. Ngoài công năng chữa bệnh thì thảo dược cũng hỗ trợ phòng bệnh rất tốt. Vì vậy không chỉ dành cho người bệnh, xà thiệt thảo cũng được sử dụng rộng rãi đối với mọi người. Dược liệu này giúp hỗ trợ phòng ngừa và điều trị Ung thư, hỗ trợ điều trị cho các bệnh nhân U ác tính, hỗ trợ điều trị U gan, hỗ trợ điều trị U phổi, tăng khả năng điều trị viêm gan, vàng da, xơ gan, tăng cường sức đề kháng cho cơ thể để có thể chống chọi tốt với bệnh tật.\r\n\r\nKiêng kỵ: Không dùng cây thuốc cho phụ nữ có thai.'),
(032, 000032, 'Lạc tiên có tên khoa học là Passiflora foetida L, họ chùm gửi. Loài này thường mọc hoang tại các bờ bụi, ven sông ven suối, sinh tồn một cách mạnh mẽ và kiên cường trong tự nhiên. Được ví như các loài cỏ dại nhưng hiện hữu trong cây thuốc nam này là những tác dụng phòng, chữa bệnh hiệu quả được sử dụng trong cả Đông Y và Tây Y. Cây thuốc lạc tiên cũng được sử dụng như một loại rau sạch ở rất nhiều địa phương, được nhân dân sử dụng nhiều trong các bài thuốc chữa mất ngủ.', 'Lạc tiên có các thành phần như Alcaloid, flavonoid, saponin… Các hoạt chất này với liều lượng nhỏ giúp tăng cường sức đề kháng, ngăn chặn sự lão hóa tế bào.', 'Thảo dược có vị ngọt và đắng, tính mát, có tác dụng tiêu viêm, lợi tiểu.\r\nGiúp giảm căng thẳng hệ thần kinh, giảm thiểu stress do áp lực công việc.\r\nCó tác dụng an thần, giảm đau nhức ở người cao tuổi.\r\nTác dụng giải nhiệt, giải độc và làm mát gan.\r\nĐặc biệt hỗ trợ chữa trị chứng mất ngủ kinh niên, giúp có người sử dụng có một giấc ngủ sâu, an lành.', 'Cách pha trà:\r\n\r\nBước 1: Dùng một nhúm lạc tiên( 10g) khô cho 150 ml nước\r\nBước 2: Tráng trà, dùng nước sôi đổ 1 chút vào đảm bảo nước tưới qua 1 lượt trà lắc đều ấm rồi đổ nước này đi.\r\nBước 3: Cho nước sôi ấm pha trà theo tỉ lệ pha, đợi 5-7 phút cho nước ngấm vào trà. Thưởng thức khi trà còn ấm mùi vị sẽ thơm ngon hơn.\r\nCách nấu trà:\r\n\r\nNếu như bạn không có thói quen nhâm nhi ly trà vào mỗi sáng thì cũng có thể sử dụng lạc tiên để nấu nước uống thay nước hàng ngày.\r\nMỗi ngày lấy khoảng 50-80g khô đem nấu với 1.5 lít nước uống.', 'Hiện nay trên thị trường rất nhiều nơi cung cấp dược liệu, tuy nhiên để lựa chọn được một cơ sở cung cấp sản phẩm sạch, đảm bảo chất lượng vẫn còn là một vấn đề đối với người tiêu dùng. Tiệm thuốc nam Lê Thanh với rất nhiều năm gắn bó tìm hiểu và cung cấp cho khách hàng nguồn dược liệu sạch, an toàn, chúng tôi vẫn tự tin là đơn vị cung cấp tốt nhất tới tay người mua.\r\n'),
(033, 000033, 'Đinh lăng là loài cây khá thân thuộc với vườn tược của người dân Việt Nam. Với hơn 30 loại khác nhau của chi đinh lăng, đinh lăng nếp được ưu tiên hơn vì công dụng và chất lượng, được nhận dạng khoa học là Polyscias Fruticosa (L) Harms, tên thường gọi là cây đinh lăng, cây gỏi cá hay nam dương sâm, thuộc họ Ngũ Gia Bì.', 'Theo nghiên cứu của Viện Quân Y, thành phần dược lý của đinh lăng bao gồm các alcoloid, glucozit, saponin, flavonoid, tanin, vitamin B, các axít amin trong đó có lyzin, xystei, và methionin là những axít amin không thể thay thế được.', 'Giúp bồi bổ cơ thể, tăng cường sức đề kháng, giảm căng thẳng mệt mỏi: Rễ cây thuốc có tính mát, thích hợp để sử dụng như trà, có nhiều dinh dưỡng tốt bổ sung cho cơ thể, tăng cảm giác thư giãn, giảm thiểu suy nhược cơ thể.\r\nGiúp bồi bổ cho sản phụ, lợi sữa: Phụ nữ dùng nước sắc cây thuốc giúp lượng sữa tiết dồi dào, tăng chất lượng sữa, khỏe người và phòng ngừa các trường hợp tắc tia sữa hay căng tức ngực.\r\nPhòng bệnh co giật ở trẻ em: Trà đinh lăng có nhiều alkaloid và các axit amin bổ trợ cho giấc ngủ trẻ em ngon hơn, sâu hơn, không bị giật mình, không đổ mồ hôi trộm.\r\nĐây vị thuốc chữa bệnh ho lâu ngày.\r\nTác dụng bổ máu, phòng ngừa bệnh thiếu máu.\r\nGiúp làm lành vết thương, chữa sưng đau cơ khớp: Hoạt chất trong dược liệu giúp kháng viêm, giảm đau, cắt cơn đau xương khớp do hoạt động nhiều, do tuổi cao hay do các bệnh viêm khớp dạng thấp, viêm khớp nhiễm trùng, Gout, loãng xương…\r\nChữa nhức đầu, đau tức ngực, sốt lâu ngày.\r\nChữa liệt dương: Rễ đinh lăng nếp sử dụng thay trà hàng ngày, hay ngâm rượu giúp tăng cường chức năng sinh lý, tăng chất lượng tinh trùng, bổ thận tráng dương hiệu quả.', 'Thảo dược nếp rất tốt cho sức khỏe của người dùng bởi nhiều ưu thế về công dụng. Tuy nhiên, để có được những hiệu quả như mong muốn, người dùng cần có cách sử dụng 3 đúng: đúng người, đúng liều lượng, đúng thời điểm.\r\n\r\nLiều lượng sử dụng phù hợp\r\nMột người một ngày không nên dùng quá liều lượng từ 50 đến 50 gram. Trong dược liệu có chứa Saponin, hoạt chất này với liều lượng nhiều có thể làm vỡ hồng cầu gây ra các hiện tượng chóng mặt, buồn nôn, gọi là say đinh lăng. Vì vậy, cần sử dụng đúng liều lượng của nhà sản xuất hoặc hướng dẫn của bác sỹ Đông y.\r\n\r\nĐộ tuổi của cây thuốc đinh lăng\r\nCây thuốc sử dụng thời điểm tốt nhất là từ 2 năm đến 5 năm. Lúc này dược chất trong cây thuốc vô cùng dồi dào, quá 7 năm cũng không tốt, củ đinh lăng già hoạt chất bị thoái hóa, không còn nguyên vẹn như lúc đầu.\r\n\r\nNgười sử dụng có thể dùng trong ngày, lúc cơ thể có cảm giác no hoặc bình thường, lúc đói cũng nên chú ý khi sử dụng, hoàn toàn có thể giải khát trong những ngày hè nóng nực, có những kiến thức cơ bản về vị thuốc quý này sẽ giúp mọi người sử dụng mang lại hiệu quả cao.\r\n\r\nCách ngâm rượu đinh lăng\r\nChuẩn bị nguyên liệu: Rễ đinh lăng nếp 2 đến 5 năm, hũ ngâm bằng sứ hoặc thủy tinh, rượu nếp 40 độ.\r\n\r\nTiến hành:\r\n\r\nRễ cây thuốc rửa sạch, để ráo nước.\r\nXếp vào hũ ngâm rượu, tỷ lệ 1/4 tức là 1 kg rễ ngâm với 4 lít rượu.\r\nNgâm khoảng từ 2 đến 3 tháng, sau đó sử dụng mỗi ngày 1 đến 2 chén nhỏ.', 'Những người nào không nên dùng đinh lăng?\r\nDược liệu phù hợp với phần lớn người dân Việt Nam nhưng vẫn có những trường hợp ngoại lệ dưới đây:\r\n\r\nPhụ nữ đang mang thai không nên sử dụng.\r\nTrẻ em nhỏ hơn 10 tuổi, bạn nên chú ý hạn chế cho trẻ sử dụng.\r\nNên sử dụng hũ ngâm chất liệu sứ hoặc thủy tinh để mang lại cảm giác thơm ngon và an toàn cho người sử dụng.\r\n\r\nĐể bình rượu ở nơi không có ánh sáng mặt trời chiếu trực tiếp, để nơi khô ráo thoáng mát.');
INSERT INTO `mota` (`mamota`, `masanpham`, `gioithieu`, `thanhphan`, `tacdung`, `cachdung`, `luuy`) VALUES
(034, 000033, 'Tâm sen còn được gọi với cá tên là: Tâm sen, đây là phần lõi nhỏ màu xanh nằm phía bên trong lõi của hạt sen. Trong Đông Y, tâm sen là loại thuốc có vị đắng, tính hàn và được ứng dụng nhiều trong những bài thuốc thanh nhiệt, an thần, thư giãn.\r\n\r\nTâm sen giàu dưỡng chất nhất khi được thu hoạch ngay sau thời điểm cây sen ra hoa, hạt sen chưa chín. Để thu hoạch tâm sen, bạn cần lột lớp vỏ bên ngoài của hạt sen tươi để lấy được phần lõi màu xanh bên trong.', 'Theo như nghiên cứu của các chuyên gia Y Học, trong tâm sen chứa những thành phần hóa học như:\r\n\r\nMotylcon\r\nIsoliensinine\r\nNeferine\r\nBetus (base hữu cơ)\r\nBisclaurin (alcaloid)\r\nLiensinine\r\nLotusine', 'An thần, cải thiện chất lượng giấc ngủ\r\nNhững hoạt chất trong tâm sen như: Asparagin, Nuciferin, Nelumbin, Liensinine được biết đến với công dụng giảm stress, tạo cảm giác thoải mái cho thần kinh. Nhờ vậy sử dụng tâm sen sẽ giống như bệnh nhân đang dùng loại thuốc điều trị mất ngủ có nguồn gốc tự nhiên. Bệnh nhân bị mất ngủ thường xuyên dẫn đến mệt mỏi có thể sử dụng loại thảo dược này để cải thiện giấc ngủ, giúp ngủ ngon và sâu giấc hơn.\r\n\r\nPhòng ngừa rối loạn nhịp tim\r\nThành phần trong tâm sen có tác dụng cải thiện tình trạng tuần hoàn máu không ổn định ở cơ tim. Nhờ vậy mà lưu lượng tuần hoàn máu ở động mạch vành cũng được điều tiết ổn định, giúp phòng ngừa rối loạn nhịp tim.\r\n\r\nSữa ong chúa giúp hỗ trợ điều trị huyết áp và bệnh tim mạch\r\nSử dụng tâm sen giúp phòng chống tình trạng rối loạn nhịp tim, cải thiện sức khỏe tim mạch\r\nHỗ trợ ổn định huyết áp\r\nNgười bị cao huyết áp khi sử dụng tâm sen có chứa thành phần Asparagine sẽ giúp huyết áp hạ xuống ở mức an toàn và duy trì sự ổn định lâu dài. Nhờ vậy, những biến chứng của bệnh cao huyết áp cũng được giảm thiểu.\r\n\r\nThanh nhiệt, trừ độc cho cơ thể\r\nTâm sen là loại thảo dược có tính mát nên được dùng như một loại thuốc giúp thanh nhiệt, giải độc cho cơ thể. Loại thuốc này rất tốt với người có cơ địa nóng trong, rôm sảy, mụn nhọt hay người bị nhiệt miệng.\r\n\r\nHỗ trợ tốt cho người bệnh tiểu đường\r\nThành phần trong tim sen có thể điều tiết tốt lượng Insulin trong cơ thể để duy trì đường huyết ổn định.\r\n\r\nLợi tiểu\r\nNhờ đặc tính thanh nhiệt giải độc nên có thể sử dụng tâm sen để điều trị chứng bí tiểu, tiểu rắt.\r\nHỗ trợ giảm cân\r\nTình trạng mất ngủ có thể là nguyên nhân khiến bạn bị tăng cân mất kiểm soát. Vì thế,  với cơ chế giúp người bệnh ngủ ngon và sâu giấc hơn. Tâm sen có công dụng hiệu quả trong việc góp phần kiểm soát việc tích tụ mỡ thừa, cải thiện hoạt động của hệ tiêu hóa, giải độc. Người sử dụng tâm sen thường xuyên có thể duy trì cân nặng mong muốn, đồng thời hạn chế hấp thụ chất béo vào cơ thể.', 'Từ xưa đến nay, cây sen không chỉ được sử dụng như một loại thực phẩm tự nhiên với vị thanh mát. Các thầy thuốc Đông Y còn sử dụng sen trong việc điều trị bệnh lý, bồi bổ sức khỏe. Một trong những bộ phận có công dụng thần kỳ với giấc ngủ là tâm sen. Tuy nhiên để thảo dược phát huy hết công dụng của nó thì người bệnh cần tìm hiểu cặn kẽ thông tin có liên quan đến vị thuốc.', 'Những người đang gặp phải tình trạng dưới đây không thể sử dụng tâm sen: Người bị rối loạn tiêu hóa, chướng bụng, người bị huyết áp thấp, người đang gặp phải vấn đề về sinh lý.\r\nĐể tâm sen phát huy hết công dụng của nó, bạn cần kiên trì sử dụng trong thời gian dài.\r\nNếu uống trà tâm sen pha quá loãng có thể làm giảm đi tác dụng vốn có.\r\nVới những ai muốn giảm tính hàn của tâm sen, có thể sao vàng trước khi sử dụng.\r\nKhông tùy ý lạm dụng tâm sen quá liều lượng khuyến cáo'),
(035, 000035, 'Tam Thất Nam hiện tại đang là loại dược liệu mang đến nhiều lợi ích cho sức khỏe người dùng. Tuy nhiên, trước khi muốn sử dụng dược liệu, bạn vẫn cần tìm hiểu kỹ lưỡng về đặc tính, cách dùng để mang đến hiệu quả cao, tránh tác dụng phụ. Trong bài viết này, chúng tôi muốn chia sẻ đến bạn những thông tin về dược liệu Tam Thất Nam. Để có thêm thông tin bổ ích cho cẩm nang sức khỏe, bạn đừng vội bỏ qua nội dung bài viết này nhé.', 'Trong củ của vị thuốc có chứa các thành phần như: Saponin, Cystein, Histidin, Axit Oleanolic, Triterpen…\r\n\r\nTất cả những thành phần dược chất này đã được chuyên gia Y Học hiện đại nghiên cứu và kiểm định. Đảm bảo người dùng sử dụng đúng liều lượng, đúng cách có thể cải thiện được sức khỏe.', 'Có công dụng trong điều trị đau nhức xương khớp.\r\nĐiều trị thổ huyết, chảy máu cam hay kinh nguyệt ra nhiều.\r\nHỗ trợ điều trị ăn uống kém, hệ tiêu hóa hoạt động yếu, nôn mửa.\r\nLà vị thuốc hiệu quả hỗ trợ hồi phục sau chấn thương.\r\nThành phần trong tam thất gừng có thể điều trị côn trùng cắn, rắn cắn.\r\nĐiều trị tình trạng kinh nguyệt không đều.\r\nPhụ nữ bị rối loạn kinh nguyệt cũng có thể ưu tiên sử dụng Tam Thất Nam.\r\nPhụ nữ sau sinh có thể sử dụng Tam Thất Nam như một bài thuốc giảm stress, chống trầm cảm. Đặc biệt với khả năng cầm máu hiệu quả, sử dụng loại dược liệu này giúp phụ nữ sau sinh chống lại tình trạng băng huyết.\r\nBệnh nhân gặp phải các vấn đề về tim mạch kiểm soát tình trạng bệnh tốt hơn. Thành phần chất trong tam thất nam có khả năng loại bỏ Cholesterol xấu, hỗ trợ cải thiện tuần hoàn máu, cân bằng đường huyết, kiểm soát huyết áp.', 'Theo như các thầy thuốc Đông Y, củ Tam Thất Nam có thể sử dụng để điều trị các bệnh như:\r\n\r\nSử dụng vị thuốc chữa đau thắt lưng\r\nChữa bệnh mạch vành với Tam Thất Nam\r\nCủ tam thất nam chữa viêm gan cấp tính\r\nHỗ trợ điều trị bệnh đại tiểu tiện ra máu.\r\nSử dụng Tam Thất Nam có thể điều trị dứt điểm bệnh suy nhược cơ thể, ăn uống kém, mệt mỏi.\r\nSử dụng bột Tam Thất Nam có thể giúp cầm máu cho vết thương.\r\nCó thể sử dụng Tam Thất Nam trong điều trị băng huyết, sốt, nôn ra máu.', 'Những đối tượng được khuyên dùng củ tam thất nam\r\nBệnh nhân đang gặp phải vấn đề khó chịu do đau nhức xương khớp, phong thấp.\r\nPhụ nữ sau sinh có dấu hiệu stress, trầm cảm, bị băng huyết, rong kinh kéo dài, đau đầu, ăn uống kém, mệt mỏi, suy nhược cơ thể.\r\nNgười thường xuyên bị chảy máu cam.\r\nPhụ nữ có chu kỳ kinh nguyệt không đều.\r\nNgười bị côn trùng, rắn độc cắn.\r\nNhững đối tượng không nên sử dụng Tam Thất Nam\r\nTrẻ nhỏ dưới 12 tuổi không nên sử dụng Tam Thất Nam.\r\nPhụ nữ mang thai không phải là đối tượng thích hợp sử dụng vị thuốc này.\r\nNgười có hệ tiêu hóa kém, bị tiêu chảy không nên sử dụng Tam Thất Nam để điều trị bệnh.\r\nNgười có cơ địa nóng, thường xuyên bị nóng ruột gan, táo bón cũng không thích hợp sử dụng Tam Thất Nam.'),
(036, 000036, 'Cây mật nhân được lưu truyền trong dân gian với vai trò của một cây thuốc quý bởi rất nhiều công dụng tuyệt vời như cải thiện chức năng sinh lý và tăng cường sức khỏe, giảm đau lưng, hỗ trợ điều trị nhức mỏi. Mật nhân mọc hoang trong các cánh rừng nhiệt đới ẩm, thưa ở Đông Nam Á. Hoa, lá, cành đều có tác dụng điều trị bệnh nhưng rễ mật nhân có công dụng điều trị vô cùng hiệu quả.', 'Mật nhân thường thu hái rễ để sử dụng làm thuốc. Rễ mật nhân sau khi thu được đem rửa sạch và hong khô. Trà mật nhân đậm vị đắng chát, cảm nhận được tính lạnh của trà. Quy vào kinh can, thận, mật nhân có tác dụng bồi bổ khí huyết, giảm stress, mệt mỏi, hỗ trợ điều trị bệnh huyết áp cao, các bệnh về đường tiêu hóa, đau dạ dày, chán ăn, suy nhược thần kinh, chóng mặt, mất ngủ.\r\n\r\nTác dụng cây mật nhân', 'Mật nhân giúp tăng cường sức khỏe\r\nMột trong những công dụng đặc biệt nhất của cây mật nhân là tăng cường chức năng sinh lý nam giới. Mật nhân giúp cơ thể nam giới tăng tiết hooc môn giới tính nam một cách tự nhiên, kích thích sự hưng phấn, tăng cường khả năng sinh lý, giúp nam giới đẩy nhanh và duy trì trạng thái cường dương. Ngoài ra thảo dược này còn bổ sung năng lượng sức bền cơ thể, tăng hệ miễn dịch,hỗ trợ điều hòa và ổn định huyết áp…\r\n\r\nTrong vỏ và rễ cây mật nhân có chứa các tritecpenoit, quasinoide, alcaloit…nên nó có thể ngăn chặn sự suy giảm sinh lực khi bước vào độ tuổi trung niên. Thảo dược này được sử dụng trong những trường hợp nam giới đang bị tinh dịch kém, xuất tinh sớm. Hỗ trợ điều trị, phòng ngừa tăng số lượng tinh trùng, tinh dịch, mật độ tinh trùng lưu động, hỗ trợ điều trị bệnh rối loạn cương dương.\r\n\r\nGiảm căng thẳng do áp lực, bảo vệ gan\r\nMật nhân chứa một lượng nhỏ Anxiolytic có tác dụng trong việc tăng cường hoạt động trí óc, giảm lo lắng. Các nghiên cứu khoa học cũng chỉ ra rằng, nếu mật nhân kết hợp cùng với cây cà gai leo sẽ tạo ra một hợp chất giúp bảo vệ gan, ngăn chặn quá trình xơ gan diễn ra. Bài thuốc này tốt cho người bị xơ gan nhằm phục hồi sức khỏe sinh lý.\r\n\r\nBồi bổ khí huyết, điều trị đau lưng nhức mỏi\r\nMật nhân chứa rất nhiều dưỡng chất giúp cơ thể tăng khả năng hấp thu các chất dinh dưỡng, đào thải độc tố, thanh lọc cơ thể. Sản phẩm thảo dược đặc biệt tốt với những người cơ thể gầy yếu, suy nhược, ăn uống không tiêu, khí huyết kém.', 'Ở các đất nước hồi giáo, đàn ông được phép lấy nhiều vợ. Tuy nhiên, có rất nhiều người băn khoăn về chức năng sinh lý. Làm thế nào có thể thỏa mãn được hết những người mà họ thương yêu? Và cây mật nhân trở thành loại thực phẩm đắc lực bổ trợ cho những người đàn ông chức năng sinh lý kém, tinh trùng yếu hoặc số lượng tinh trùng ít.\r\n\r\nTại các cuộc thi đấu thể thao đẳng cấp quốc gia thuộc khu vực Đông Nam Á, các vận động viên cũng sử dụng mật nhân như một nguồn năng lượng thiên nhiên để tăng độ dẻo dai và sức bền.\r\n\r\nMật nhân không có chức năng tăng cường sinh lí đối với phụ nữ. Nhưng nó vẫn tốt cho phụ nữ ở những khía cạnh khác. Phụ nữ có thể dùng mật nhân để trị khí hư huyết kém, ăn không tiêu, đầy hơi, suy nhược cơ thể; các chứng kiết lỵ, tiêu chảy… Lá mật nhân dùng đun nước tắm cũng tốt cho người bị ghẻ lở, mẩn ngứa.\r\n\r\n', 'Hiện nay trên thị trường rất nhiều nơi cung cấp dược liệu, tuy nhiên để lựa chọn được một cơ sở cung cấp sản phẩm sạch, đảm bảo chất lượng vẫn còn là một vấn đề đối với người tiêu dùng. Tiệm thuốc nam Lê Thanh với rất nhiều năm gắn bó tìm hiểu và cung cấp cho khách hàng nguồn dược liệu sạch, an toàn, chúng tôi vẫn tự tin là đơn vị cung cấp tốt nhất tới tay người mua.\r\n'),
(037, 000037, 'Dây gắm là loài dây leo trên các thân cây cổ thụ, độ dài khoảng từ 10 đến 12 m. Thân dây gắm có nhiều mấu lồi, lá hơi tròn hoặc thuôn dài. Loài cây này mọc hoang khắp đất nước Việt Nam, tồn tại với cái tên dây sót, dây gắm lót, dây vương tôn, được sử dụng rộng rãi trong giới Đông y về chức năng hỗ trợ điều trị bệnh Gout, đau nhức xương khớp, đau lưng nhức mỏi và nhiều bệnh khác.', 'Dây gắm rất phổ biến đối với người Tày, do lối sống sinh hoạt ăn uống của người Tày rất khác. Họ ăn nấm hoặc măng rừng ủ, bên cạnh đó, thịt thú rừng cũng là một loại thức ăn phổ biến. Các loại thức ăn giàu purin như vậy sẽ làm cho tỷ lệ Gout tăng cao. Tuy nhiên dân tộc Tày biết cách sử dụng loại dược liệu này để bảo vệ sức khỏe của mình. Cây được thu hái dây hoặc rễ, thái lát nhỏ rồi sao khô, sử dụng làm thuốc.', 'Hỗ trợ điều trị các triệu chứng sưng nhức, đau xương khớp, giúp giảm thiểu việc sử dụng thuốc giảm đau, tránh tình trạng lệ thuộc vào thuốc.\r\nGiảm chỉ số acid uric trong máu.\r\nTăng cường chức năng gan, thận. Hỗ trợ tăng sự đào thải acid uric ở thận, giảm lượng acid uric tích tụ lại.\r\nTăng đào thải acid uric theo cơ chế sinh học.\r\nTăng sự đào thải acid uric có trong các khớp, cắt cơn đau gout từ nguyên nhân gây bệnh.\r\n', 'Dược liệu có thể dụng dưới dạng thuốc sắc hay ngâm rượu.\r\n\r\nNhà thuốc Lê thanh xin giới thiệu tới quý khách hàng cách sử dụng thông thường mà hiệu quả đem lại cao.\r\n\r\nBước 1: Dùng một nhúm 40g khô cho 1.5 lít nước uống.\r\nBước 2: Đun sôi thuốc sau khoảng 10-15p, bắc ra và sử dụng hàng ngày.\r\nBước 3: Uống nước nấu dây gắm khi còn ấm mùi vị sẽ thơm ngon hơn.', 'Hiện nay trên thị trường rất nhiều nơi cung cấp dược liệu, tuy nhiên để lựa chọn được một cơ sở cung cấp sản phẩm sạch, đảm bảo chất lượng vẫn còn là một vấn đề đối với người tiêu dùng. Tiệm thuốc nam Lê Thanh với rất nhiều năm gắn bó tìm hiểu và cung cấp cho khách hàng nguồn dược liệu sạch, an toàn, chúng tôi vẫn tự tin là đơn vị cung cấp tốt nhất tới tay người mua.\r\n'),
(038, 000038, 'Trong dân gian, nghệ tươi được sử dụng để tạo màu và giúp món ăn có hương vị thơm ngon. Đối với làn da, nghệ còn giúp mờ thâm, liền sẹo. Trong Đông y và Y học hiện đại, củ nghệ có tác dụng hỗ trợ viêm loét dạ dày, phục hồi sức khỏe và làn da sau sinh, phòng ngừa u bướu,… Với những sự kì diệu mà nghệ đem lại, chiết xuất của củ nghệ đó là tinh bột nghệ ngày càng được nhiều người sử dụng trong việc làm đẹp và tăng cường sức khỏe.', 'Tinh chất Curcumin là tinh chất hữu dụng nhất giúp hồi phục các vết thương hở, kháng viêm, là thành phần chính trong các bài thuốc hỗ trợ điều trị bệnh lý dạ dày, tổn thương ngoài da và một số bệnh lý khác…\r\n\r\nTrong dược liệu này có chứa một loạt các hoạt chất chống oxy hóa, các dưỡng chất như protein, chất xơ, niacin, vitamin C, E, K và một số khoáng chất magie, sắt, kẽm…', 'Hỗ trợ ngăn ngừa Ung thư\r\nCác thành phần trong củ nghệ có các chất chống oxy hóa giúp kháng virus, kháng nấm, ngăn ngừa sự phát triển của các tế bào xấu. Vì vậy, sử dụng dược liệu này hàng ngày làm tăng lượng hoạt chất tốt, giúp phòng ngừa Ung thư hiệu quả.\r\n\r\nĐiều trị bệnh viêm khớp\r\nThảo dược giúp kháng viêm nên các yếu tố gây nên viêm khớp không tồn tại được nếu bổ sung vị thuốc này thường xuyên, ngăn ngừa các cơn đau khớp bất chợt, tạo dựng một nền tảng sức khỏe lành mạnh.\r\n\r\nPhục hồi vết thương\r\nCủ nghệ từ lâu được sử dụng để hồi phục vết thương và tinh bột nghệ cũng có thể làm được như vậy. Ngày nay, sản phẩm tinh nghệ được tách tinh dầu bởi công nghệ cao nên hàm lượng Curcumin càng nguyên chất hơn, đảm bảo sự kháng viêm, hồi phục cơ thể một cách nhanh chóng, không để lại sẹo hay vết thâm.Đây thực sự là một lựa chọn tốt cho sức khỏe con người.\r\n\r\nNgăn ngừa bệnh gan\r\nTinh bột nghệ đã loại bỏ tạp chất, tinh chế hoàn toàn hàm lượng Curcumin, làm giảm khả năng gây ra sự tồn đọng các tạp chất ở gan, tăng cường chức năng gan, ngăn ngừa hiệu quả các trở ngại về gan mà con người đang lo lắng.\r\n\r\nLàm đẹp da\r\nCũng như bột nghệ, tinh bột nghệ mang lại làn da mịn màng và trắng sáng một cách bất ngờ và hiệu quả. Người sử dụng có thể sử dụng bột nghệ để làm mặt nạ hoặc uống trực tiếp.\r\n\r\nTrị đau dạ dày, đại tràng\r\nHàm lượng Curcumin rất tốt cho dạ dày, làm lành vết loét, phục hồi vết thương hở, giúp cho việc điều trị tiến triển nhanh và hiệu quả. Trong tinh bột nghệ mang hàm lượng dinh dưỡng cao cho cơ thể, giúp kích thích sản xuất chất nhầy từ đó hỗ trợ tiêu hóa tốt hơn.\r\n\r\nNgoài ra, dược liệu này giúp tăng cường khả năng miễn dịch cho cơ thể, giảm cholesterol trong máu, ngăn ngừa bệnh suy giảm trí nhớ. ', 'Tinh bột nghệ đỏ Việt Nam là một sản phẩm vô cùng tuyệt vời bởi những lợi ích mà nó mang lại. Tuy nhiên, để được như mong đợi thì mỗi người cần sử dụng đúng cách. Dược liệu Thái Sơn xin gửi tới quý khách hàng cách sử dụng hiệu quả.\r\n\r\nTinh bột nghệ mật ong\r\nDùng một thìa mật ong pha với 200 ml nước ấm, cho thêm 10 gram tinh bột nghệ đỏ, sử dụng mỗi buổi sáng có thể ngăn ngừa các bệnh lý về dạ dày, làm đẹp da, phòng ngừa Ung thư. Nếu không muốn sử dụng mật ong, bạn chỉ cần pha tinh bột nghệ với nước ấm cũng mang lại công dụng tương tự.\r\n\r\nNgoài ra, dược liệu có thể sử dụng bằng cách đắp trực tiếp lên làn da giúp sáng da, mờ thâm, ngừa mụn.', 'Không dùng để uống cùng thuốc tây.\r\n\r\nKhông sử dụng trong thời kì kinh nguyệt.'),
(039, 000039, 'Dây tơ hồng là loại dây leo thân thảo dạng sợi nhỏ, thường quấn quanh thân, cành của cây chủ. Trên dây có các mấu nhỏ để hút chất dinh dưỡng từ cây mà nó bám. Là thực vật có hoa nhưng hiếm khi thấy hoa, chỉ có dây chứ không có lá.', 'Thông qua nhiều nghiên cứu khác nhau, các nhà khoa đã phát hiện được hơn 100 hợp chất có trong thân, quả và hạt của dây tơ hồng, cụ thể:\r\n\r\nCác Flavonoid (chiếm tỷ lệ lớn): Quercetin, Kaempferol, Isorhamnetin, Astragali, Hyperoside, Calycopteris, Rutin, Apigenin,…\r\nCác Phenolic acid (chiếm tỷ lệ lớn): Chlorogenic acid, Caffeic acid, Cinnamic acid,…\r\nLignan, Hydroquinone, Resin glycosides, các Polysaccharide và tinh dầu.\r\nCác acid béo: Palmitic acid, Linoleic acid, Oleic acid và Linoleic acid.\r\nMột số khoáng chất như: Canxi, magie, sắt, mangan, đồng.', 'Theo y học cổ truyền, dây tơ hồng vàng là vị thuốc có vị ngọt, hơi đắng, tính bình, không độc. Quy vào kinh can và thận. Thường được dùng để chữa trị các chứng bệnh như:\r\n\r\nGiải nhiệt, tiêu trừ độc tố, lọc máu, lợi tiểu.\r\nThổ huyết, băng huyết sau sinh.\r\nVàng da, mụn nhọt, rôm sảy ở trẻ nhỏ.\r\nHo do phế nhiệt.\r\nPhù thũng, lở loét\r\nĐau lưng, mỏi gối.\r\nBảo vệ gan\r\nChiết xuất ethanol của dây tơ hồng có tác dụng chống lại Acetaminophen gây độc trên gan thông qua cơ chế tăng cường các enzym chống oxy hóa. Đồng thời ngăn chặn sự tổn thương các mô bệnh học gan như thâm nhiễm tế bào Kupffer, hoại tử trung tâm gan.\r\n\r\nChống loãng xương\r\nMột số nghiên cứu đã chứng minh việc sử dụng nước dây tơ hồng thường xuyên có giúp thúc đẩy sự phân hóa và tăng sinh của nguyên bào xương một cách đáng kể.\r\n\r\nNgười ta cũng phát hiện ra rằng, các hợp chất Kaempferol và Quercetin có trong loài cây này còn có tác dụng ức chế các tế bào hủy xương.\r\n\r\nMiễn dịch\r\nCác thử nghiệm trên động vật ghi nhận dây tơ hồng có khả năng tăng cường tác dụng của đại thực bào, từ đó giúp cải thiện chức năng hệ miễn dịch.', 'Chữa mắt đau sưng đỏ\r\nChuẩn bị: Dây tơ hồng tươi.\r\n\r\nCách thực hiện: Rửa sạch và ngâm với nước muối, sau đó cắt thành từng khúc nhỏ rồi giã nát. Dùng một miếng vải sạch vắt lấy phần nước cốt của cây thuốc nhỏ vào mắt. Thực hiện mỗi ngày vài lần, mỗi lần từ 1 – 2 giọt.\r\n\r\nChữa hen suyễn\r\nChuẩn bị: 30g dây tơ hồng vàng, 30g lá táo chua.\r\n\r\nCách thực hiện: Rửa sạch cả 2 vị thuốc trên rồi cho vào chảo nóng sao vàng. Hạ thổ dược liệu bằng cách rải xuống nền đất nguội. Sắc lấy nước đặc uống mỗi ngày 1 thang, đối với hen suyễn, cần kiên trì dùng đều đặn và lâu dài.\r\n\r\nĐiều trị phiền nhiệt, thiếu máu, tâm thận bất túc\r\nChuẩn bị: 80g hạt dây tơ hồng, 80g mạch môn.\r\n\r\nCách thực hiện: Mang hạt tơ hồng đi chưng rượu, mạch môn bỏ phần lõi. Sau đó tán 2 loại dược liệu này thành bột mịn, trộn với mật làm thành viên hoàn, mỗi viên kích thước to bằng hạt ngô đồng. Uống 70 viên/ngày với nước ấm trước khi ăn.\r\nChữa kiết lỵ\r\nChuẩn bị: 30g mỗi vị Dây tơ hồng vàng, gừng tươi.\r\n\r\nCách thực hiện: Sắc với 1,5 lít nước, cạn còn 2 chén, chia đều uống 2 lần/ngày. Kiên trì dùng thuốc trong 5 ngày liên tục để bệnh tình thuyên giảm.', 'Ngoài những công dụng tuyệt vời đối với sức khỏe, bất cứ vị thuốc nào “nhiều quá cũng không tốt”. Do đó, khi sử dụng dây tơ hồng, bạn cần lưu ý một số vấn đề sau:\r\n\r\nHạt tơ hồng và thịt thỏ kỵ nhau, vì vậy tuyệt đối không dùng chung.\r\nCẩn thận khi dùng dây tơ hồng cho các trường hợp bị táo bón, âm hư hỏa vượng, thận hư, cường dương và phụ nữ đang mang thai.\r\nDùng thuốc tùy tiện hoặc gián đoạn có thể làm ảnh hưởng đến kết quả điều trị và gây ra một số tác dụng phụ..'),
(040, 000040, 'Cây đuôi chuột là thực vật có hoa, gọi là “đuôi chuột” vì phần ngọn của cây phát triển khá dài, trông rất giống chiếc đuôi của con chuột. \r\n\r\nTên khoa học: Stachytarpheta jamaicensis\r\nHọ: Thuộc họ cỏ roi ngựa (Verbenaceae). \r\nTên gọi khác: cây mạch lạc, đũa bếp, giả mã tiên, cỏ đuôi chuột,…', 'Theo các phân tích khoa học, người ta tìm thấy nhiều hợp chất trị bệnh có trong cây đuôi chuột. Theo đó một số thành phần hóa học chính của cây là: glycosid, ancaloit, phenol, steroid, tannin, flavonoid,… Cỏ đuôi chuột thật sự là một vị thuốc tiềm năng trong việc trị bệnh.', 'Cây đuôi chuột là vị thuốc hơi đắng, the, tính mát. Dù mọc hoang nhiều nơi nhưng không phải ai cũng biết cỏ đuôi chuột trị bệnh gì. Từ nhiều thập kỷ trước, thảo dược đã được dùng để trị bệnh thay thế cho thuốc Tây. Chẳng hạn như:\r\n\r\nNgười Brazil sử dụng vị thuốc đuôi chuột để trị thấp khớp, loét da. \r\nNgười Ấn Độ dùng nó chữa bệnh đục thủy tinh thể, mụn nhọt, rắn cắn,…\r\nNgười Trung Quốc sử dụng để chữa bạch đới, viêm họng, sỏi tiết niệu,…\r\nTheo Y học lâm sàng, cây đuôi chuột có một số tác dụng nổi bật như:\r\n\r\nCây đuôi chuột trị bệnh tim\r\n\r\nCác hoạt chất trong cây như ethanol có tác dụng làm giãn mạch, chống co thắt, giảm cholesterol xấu, cải thiện lưu lượng máu đến tim. Từ đó, giúp giảm thiểu tình trạng nhịp tim nhanh, đau thắt ngực, khó thở.\r\nCây thuốc đuôi chuột hỗ trợ điều trị tiểu đường, hạ huyết áp\r\n\r\nTheo nghiên cứu mới nhất, tinh dầu từ lá đuôi chuột có khả năng giữ đường huyết và huyết áp ở mức ổn định. Phù hợp cho người bị cao huyết áp và tiểu đường.\r\n\r\nCây đuôi chuột chữa dạ dày\r\n\r\nỞ nhiều quốc gia, loài này được sử dụng rộng rãi như một loại thuốc bổ làm mát dạ dày. Theo khoa học, nhờ chứa nhiều tannin, flavonoid, saponin đóng vai trò quan trọng trong việc loại bỏ các gốc tự do, giảm tình trạng viêm cấp và mãn tính. Giúp làm giảm tối đa tình trạng nóng và loét dạ dày. \r\n\r\nNgoài ra, nó cũng thường được sử dụng để điều trị các bệnh dị ứng và đường hô hấp như hen suyễn, cảm lạnh, cúm, viêm phế quản. Công dụng kháng viêm, chống nhiễm trùng và làm lành vết thương cũng rất hiệu quả.', 'Cách 1: Sử dụng lá tươi\r\n\r\nLá tươi rửa sạch, nhai nuốt nước và bã, hoặc giã nát đắp lên thương cho mau lành.\r\n\r\nCách 2: Sử dụng lá khô\r\n\r\nMỗi ngày dùng từ 15g đến 30g đuôi chuột khô. Có thể sắc thuốc hoặc hãm dược liệu với nước sôi uống như trà đều được. Để đỡ tốn thời gian cho việc thu hoạch và phơi khô, lời khuyên là bạn nên mua dược liệu ở các tiệm thuốc bắc uy tín.', 'Dù cỏ đuôi chuột được xem là thần dược trị bá bệnh. Tuy nhiên khi sử dụng cây thuốc bạn cũng cần lưu ý một số vấn đề sau:\r\n\r\nPhụ nữ mang thai hoặc cho con bú, người huyết áp thấp nên thận trọng khi sử dụng.\r\nKhông tự ý sáng tác bài thuốc mới, không dùng quá liều lượng cho phép.\r\nCây đuôi chuột có tính hàn, người thấp nhiệt nên thận trọng khi sử dụng.'),
(041, 000041, 'Trinh nữ hoàng cung, tên khoa học là Crinum latifolium L, thường được gọi với cái tên khác là: Tỏi Thái Lan, Tỏi lơi lá rộng, Vạn châu lan, Náng lá rộng,… là một loài cây thực vật có hoa trong họ Amaryllidaceae, (họ Thủy tiên). ', 'Thành phần chủ yếu là alkaloid có khung dị vòng có công dụng chống u thư như: eplycorin, crinafolin, crinafolidin,… và khung không dị vòng có công dụng kháng khuẩn như: betadine, luteolin, flavonoid. \r\n\r\nNgoài ra, còn có một số thành phần khác trong thảo được như: glucan A và glucan B, các axit hữu cơ, axit amin (1-leucin, phenylalanin).', 'Tác dụng nổi bật của trinh nữ hoàng cung là chữa các bệnh liên quan đến phụ khoa. Trong đó phải kể đến tác dụng điều trị u xơ tử cung cực kỳ hiệu quả. \r\n\r\nTrong nhiều nghiên cứu y học hiện đại, nó có khả năng ức chế các khối u, chữa được nhiều bệnh liên quan đến ung bướu như u xơ tử cung, u nang buồng trứng, ung thư vú, ung thư tuyến tiền liệt,…\r\n\r\nLá và thân cây giã nát hơ nóng lên dùng để chữa trị các nốt mụn nhọt, trị xương khớp, đau đầu rất hiệu quả.\r\n\r\nNgoài ra, ở các tỉnh phía Nam người ta dùng cây này trị bệnh về đường tiết niệu rất tốt. ', 'Thông thường, lá trinh nữ hoàng cung được cắt ngắn, phơi khô với liều dùng từ 10-15g/ngày, sắc lấy nước uống. Tùy vào độ tuổi, tình trạng sức khỏe mà lượng dùng có thể gia giảm. Nếu lần đầu sử dụng, bạn nên dùng một lượng vừa phải và theo dõi phản ứng của cơ thể, từ đó có thể tăng dần lên.  ', 'Dược liệu nhìn chung rất lành tính, hầu như không gây tác dụng phụ nào đáng kể. Tuy nhiên, bạn cũng nên lưu ý một số vấn đề như sau: \r\n\r\nKhông tự ý sáng tác bài thuốc, nên tham khảo kinh nghiệm từ những người đã sử dụng.\r\nCác chuyên gia khuyến cáo không dùng cho trẻ nhỏ, phụ nữ mang thai và cho con bú. \r\nTheo kinh nghiệm dân gian, trong quá trình sử dụng nên hạn chế đậu xanh, rau muống để đạt hiệu quả cao nhất.\r\nUống trinh nữ hoàng cung không gây vô sinh như nhiều lời đồn đại, vì thế không nên lo lắng vô căn cứ mà e ngại dùng dược liệu này.'),
(042, 000042, 'Ích mẫu là cứu tinh hàng đầu cho phụ nữ, có tác dụng phá ứ, phá huyết, thông kinh lạc, giúp điều kinh và chữa các bệnh phụ khoa cho phụ nữ rất hay, nhất là phụ nữ sau sinh. Vì có lá khá giống cây ngải cứu, lại có nguồn gốc từ phía Bắc nên còn gọi là Ngải cứu Trung Quốc.', 'Cây ích mẫu có nhiều thành phần dược chất tốt cho sức khỏe và có lợi cho trị bệnh. Theo nghiên cứu, có hơn 140 hợp chất chứa trong thân, lá ích mẫu. Cụ thể:\r\n\r\nAlkaloid (leonurine, leonuridine, leonurinine,…): Tác dụng giảm đau, kháng viêm, lợi niệu, giảm co thắt tử cung.\r\nFlavonoid (kaempferol, rutin, quercetin,…): Chống oxy hóa, ngăn ngừa tiến trình lão hóa trong cơ thể.\r\nIridoid glycoside (galiridoside, ajugol, ajugoside): Hoạt huyết, trừ phong, tăng cường hệ miễn dịch.\r\nTinh dầu (linalool, 1-octen-3-ol, β-ocimene, 3-octanol,…): Làm thư giãn các cơ trơn, giảm co thắt, đau bụng kinh.\r\nCác acid hữu cơ, diterpene và một vài thành phần khác như tannin, phytol, bufanolide,…', 'Theo y học cổ truyền, ích mẫu thảo có vị đắng, tính hàn, tác dụng thanh nhiệt giải độc, quy vào các kinh can, tâm bào, tỳ, thận dùng trong các bài thuốc có tác dụng:\r\n\r\nLàm tăng co bóp tử cung có tác dụng ngừa thai, ngoài ra, trong một nghiên cứu mới đây, nó còn được chứng minh có khả năng điều tiết 2 chiều, làm giảm sự co thắt tử cung và nới lỏng khi tử cung đang bị co thắt.\r\nDùng trị kinh bế, tắc kinh, kinh nguyệt không đều, phụ nữ sau đẻ sót nhau, ứ huyết gây đau bụng, viêm niêm mạc dạ con, mắt mờ,…\r\nTrị huyết hư, khí hư ra nhiều, khó có thai.\r\nKích thích cơ bàng quang gây lợi niệu, tiêu thũng, giải độc.\r\nTác dụng tốt cho tim mạch, cải thiện tuần hoàn, tăng cường lưu thông máu, chống kết tập tiểu cầu, ngăn ngừa máu đông gây thuyên tắc mạch.\r\nTác dụng lên hệ thần kinh, kích thích trung khu hô hấp tạo cảm giác thoải mái, thông thoáng đường thở, thuận lợi trao đổi khí.\r\nCó lợi cho hệ tiêu hóa, kích thích co bóp cơ trơn dạ dày, khiến thức ăn dễ tiêu, ăn ngon miệng hơn.\r\nThành phần alkaloid và flavonoid có tác dụng diệt khuẩn, chống viêm, làm đẹp da, tăng cường miễn dịch cho cơ thể.', 'Trị kinh nguyệt không đều, tắc kinh, đau bụng kinh:\r\n\r\nBài thuốc: Cây ích mẫu khô 15g, mộc hương 5g, xích thược 10g, đương quy 10g, hồng hoa 5g. \r\n\r\nCách dùng: Các nguyên liệu sau khi mua về giũ sạch bụi, đem sao vàng rồi tán thành bột mịn. Mỗi lần lấy khoảng 1 thìa cafe đem pha với nước ấm, ngày uống 2 lần.\r\n\r\nBổ huyết điều kinh\r\n\r\nBài thuốc: Ích mẫu 100g, hương nhu 20g, nga truật (nghệ đen) 50g, ngải cứu 40g, củ gấu 50g, cây cỏ máu 30g. \r\n\r\nCách dùng: Các nguyên liệu mua về đem phơi thật khô, sao vàng rồi tán thành bột mịn, trộn đều với nhau. Thắng đường lên, cho bột vào trộn thật đều rồi vo thành viên to bằng viên bi (thuốc hoàn). Mỗi ngày uống 3 lần, mỗi lần 5 viên.', 'Do có tác dụng hoạt huyết, chống kết tập tiểu cầu nên không được dùng cho người mắc chứng máu khó đông. Việc này có thể làm tăng nguy cơ xuất huyết, ngăn quá trình đông máu gây bất lợi cho sức khỏe.\r\nKhông dùng cây ích mẫu cho phụ nữ có mang thai vì làm tăng co bóp cơ trơn tử cung gây sảy thai hoặc sinh non. \r\nDùng ích mẫu vượt quá liều lượng quy định. Vì có tính hàn, mát có thể gây tiêu chảy. \r\nChỉ nên phối hợp ích mẫu theo những bài thuốc đã liệt kê ở trên, tránh phối hợp với nhiều loại thảo dược lạ. Nên tham khảo hướng dẫn thầy thuốc, hoặc người đã từng sử dụng để chắc chắn việc phối hợp với các loại thảo dược khác không gây hại cho sức khỏe.'),
(043, 000043, 'Danh pháp khoa học: Marsilea quadrifolia L.\r\nTên khác: Cỏ may mắn, tứ diệp thảo, rau bợ nước, cỏ chữ điền,…\r\nHọ: Tần (Marsileaceae) \r\nBộ: Dương xỉ.', 'Theo nghiên cứu cho thấy, trong rau bợ có chứa hàm lượng protein, tinh bột khá cao. Bên cạnh đó, cây cũng chứa nhiều loại vitamin, caroten, glucid và cyclolaudenol.\r\n\r\nTrong phân tích định tính, nhiều hợp chất trong cây được chiết xuất từ ​​lá và thân như: phytochemical, phenolic và phytosterol, phytocompounds,…\r\n\r\nNgoài ra còn một số chất hoá học khác gồm: tannin, alkaloid, carbohydrate, terpenoid, steroid và flavonoid. Các chất này tổng hợp bằng quá trình trao đổi chất sơ cấp hoặc thứ cấp của cơ thể sống. ', 'Theo Đông y, rau bợ có vị ngọt, tính mát, vừa làm rau ăn, vừa làm thuốc chữa bệnh với một số công dụng sau:\r\n\r\nTác dụng thanh nhiệt, giải độc cơ thể, mát gan, sáng mắt. Do đó, được dùng để làm trà ở nhiều nước trên thế giới.\r\nTheo y học hiện đại, trong rau bợ chứa nhiều hợp chất flavon, saponin. Đây là những chất chuyển hóa trung gian, có tác dụng tăng cường khả năng miễn dịch, giảm nguy cơ ung thư và giảm lượng cholesterol. \r\nMột thí nghiệm co giật ở loài chuột cho thấy, các chất chiết xuất từ cây rau bợ có tác dụng giảm mức độ các cơn co giật một cách hiệu quả.\r\nNgoài ra, các hoạt chất ức chế acetylcholine và butyrylcholinesterase cũng đóng vai trò quan trọng trong việc ngăn ngừa và điều trị bệnh Alzheimer (một hội chứng suy giảm trí nhớ do rối loạn các sợi thần kinh).\r\nMột phát hiện khác cũng cho thấy, trong rau bợ nước còn chứa các phenol có đặc tính kháng khuẩn, gây độc tế bào và chống oxy hóa mạnh mẽ. Nhờ đó ngăn ngừa tỷ lệ mắc bệnh tim, xơ vữa động mạch, đột quỵ và một số dạng ung thư.', 'Cây rau bợ có thể dùng làm thuốc hoặc làm món ăn hằng ngày như canh, rau sống ăn rất mát. \r\n\r\nDùng làm thuốc: Lấy cây khô sắc nước hoặc pha trà uống. Dùng đều đặn mỗi ngày giúp thanh lọc cơ thể, điều trị bệnh hiệu quả.\r\n\r\nDùng làm thức ăn: Hơn 1000 năm về trước, người ta đã biết dùng loại rau này để làm thức ăn. Ngày nay nhắc đến rau bợ, nhiều người sẽ nghĩ ngay đến món canh cỏ bợ cua đồng ngon nức tiếng.  ', 'Rau bợ có tính hàn, người thường hay lạnh bụng, tiêu chảy, khó tiêu nên thận trọng khi sử dụng.\r\nCần phân biệt kỹ vị thuốc cỏ bợ với cây chua me đất. Bởi hai loại có vẻ ngoài tương tự nhau, rất dễ nhầm lẫn.\r\nTrong quá trình sử dụng bài thuốc từ cây rau bợ, nên ăn ít chất béo có nhiều cholesterol, giảm lượng muối trong thực đơn và tập thể dục để đảm bảo sức khỏe nhanh hồi phục.\r\nTác dụng của cây thuốc còn tùy thuộc vào cơ địa và tình trạng bệnh của mỗi người. Kiên trì sử dụng để thấy hiệu quả.'),
(044, 000044, 'Cây cơm rượu là thực vật hạt kín, cây bụi thân nhỏ, cao 4m – 6m, cành khá dày, nứt nẻ, có màu lục hơi tím đỏ. Phần rễ và thân cây sau khi bị chặt vẫn có thể tiếp tục tái sinh.', 'Thành phần hóa học\r\n\r\nArborinin\r\nArborin\r\nSkimiamin\r\nDictamin\r\nNoracromycin\r\nGlycosminin\r\nGlycosinin\r\nGlycorin\r\nKokusaginin\r\nAcid glycoric\r\nMethylaminobenzamid\r\nGlycozolicin\r\n3 – formylcarbazol', 'Cây cơm rượu có rất nhiều tác dụng trong y học cổ truyền Châu Á. Cụ thể như:\r\n\r\nHỗ trợ điều trị bệnh tiểu đường\r\nHỗ trợ điều trị bệnh gout\r\nChữa mụn nhọt, mưng mủ\r\nLàm tan máu bầm\r\nChữa viêm loét dạ dày\r\nChữa đau lưng mỏi gối\r\nHỗ trợ chữa tê thấp\r\nĐiều trị các bệnh ho, sốt\r\nChữa đau bụng kinh\r\nChữa bụng trướng, ứ huyết tử cung sau sinh', 'Cơm rượu là vị thuốc có tính cay, ấm, kết hợp được với nhiều vị thuốc khác trong các bài thuốc chữa đau lưng, mỏi gối, cảm, trướng bụng, vàng da,… Sau đây là một số bài thuốc chữa bệnh từ cây cơm rượu theo kinh nghiệm dân gian:\r\n\r\nChữa kém ăn, da vàng sau sinh ở phụ nữ\r\nChuẩn bị: 30g cây cơm nguội, phơi khô.\r\n\r\nThực hiện: Đem sao vàng vị thuốc. Thêm 2 lít nước vào ấm, sắc thuốc với lửa nhỏ. Đun đến khi nước thuốc cạn còn 500ml thì ngưng, chia làm 2 phần bằng nhau để uống trong ngày. Mỗi ngày dùng 1 thang.', 'Những nghiên cứu về tác dụng trị viêm gan, đái tháo đường, ung thư của cây cơm rượu chỉ tiến hành trên chuột hoặc trên tế bào. Bạn nên tham khảo ý kiến của bác sĩ trước khi sử dụng dược liệu.\r\nTránh dùng vị thuốc này đối với phụ nữ có thai.\r\nTránh nhầm lẫn giữa cây cơm rượu, cơm nguội và cơm cháy, bạn đọc có thể xem bài viết: “Cây cơm nguội” và “Cây cơm cháy” để biết cách phân biệt.'),
(045, 000045, 'Rau diếp cá, hay rau dấp cá, giấp cá, vấp cá, nhíp cá, thuộc họ Saururaceae…. là loại rau ăn sống, không cần nấu chín, có vị tanh, cay nồng. Cây rau diếp được trồng ở một số nước Châu Á, trong đó có Việt Nam, Nhật Bản, Trung Quốc, Ấn Độ và Hàn Quốc.', 'Trong rau diếp cá bao gồm: Tính theo g% như sau: glucid 2,7, lipid 0,5, Nước 91,5; protid 2,9; cellulose 1,8, dẫn xuất không protein 2,2, khoáng toàn phần 1,1\r\n\r\nTính theo mg%: Bao gồm có kali 0,1mg%, caroten 1,26mg%, vitamin C 30mg%, calcium 0,3mg%\r\n\r\nTheo sách Những cây thuốc và vị thuốc Việt Nam của Đỗ Tất Lợi, trong cây diếp cá có chừng 0,0049% tinh dầu thiên nhiên mà thành phần chủ yếu là decanonylacetaldehyde,  methylnonylketon, một số ít alcaloid, chất myrcen và cordalin. Trong lá cây có quercitrin (0,2%); trong hoa và quả của cây có isoquercitrin.', ' Dưới đây là 12 công dụng nổi bật của rau diếp cá có thể bạn chưa biết:\r\n\r\nHỗ trợ điều trị bệnh trĩ hiệu quả.\r\nGiải cảm, hạ sốt ở trẻ em.\r\nBột rau diếp cá trị mụn, làm trắng da.\r\nHỗ trợ điều trị bệnh tiểu đường.\r\nGiúp kiểm soát cân nặng.\r\nGiải độc tố cho cơ thể.\r\nHỗ trợ điều trị bệnh viêm phổi.\r\nTăng cường hệ miễn dịch.\r\nTrị sưng vú, đau do tắc sữa.\r\nHỗ trợ điều trị sỏi thận.\r\nChữa kinh nguyệt không đều.\r\nHỗ trợ trị táo bón, khó tiêu.', 'Ông bà ta thường nói: “Nên lấy thức ăn làm thuốc”, rau dấp cá chính là một trong số đó. Ngoài làm rau ăn, dấp cá còn có mặt trong nhiều bài thuốc chữa bệnh trĩ, táo bón, sỏi thận, rối loạn kinh nguyệt,…', 'Bạn nên ngâm thảo dược với nước muối pha loãng để loại bỏ vi khuẩn, bụi bẩn. Nếu chưa được làm sạch có thể dẫn đến viêm nhiễm, ngứa và đau rát hậu môn.\r\nLưu ý rửa hậu môn sạch trước khi sử dụng bài thuốc trị trĩ bằng rau diếp cá.'),
(046, 000046, 'Tía tô là loại rau ăn bình dân, thường dùng gia vị trong ẩm thực Việt Nam và Hàn Quốc, có tên khoa học (danh pháp hai phần) là Perilla fructescens, thuộc họ Hoa môi (Lamiaceae hay Labiatae).', 'Tía tô được chia làm nhiều loại có hình dáng hoặc màu sắc khác nhau như:\r\n\r\nPerilla frutescens var. Purpurascens: Loại này thường có lá 2 mặt đều màu đỏ, mặt lá phẳng.\r\nPerilla frutescens var. Crispa: Lá cây cũng màu đỏ nhưng mặt lá lại xù xì.\r\nPerilla frutescens var. Viridis: Lá của loại tía tô này có 2 mặt đều màu xanh, mặt lá phẳng.\r\nPerilla frutescens var. Viridi-crispa: Lá màu xanh và mặt lá xù xì.\r\nPerilla frutescens var. discolor: Loại này có màu màu xanh và đỏ, ở trên có màu xanh và bề mặt dưới có màu đỏ, mặt lá phẳng.\r\nPerilla frutescens var. Rosea: Lá cây có 2 màu xanh, đỏ hòa vào nhau ở cả mặt trên và dưới, mặt lá phẳng.', 'Tác dụng làm đẹp da, ngăn ngừa lão hóa\r\nTốt cho tiêu hóa, chữa các bệnh về dạ dày\r\nHỗ trợ chữa cảm mạo, hạ sốt, nhức đầu, ho, hen suyễn\r\nHỗ trợ điều trị điều mề đay, mẩn ngứa\r\nHỗ trợ điều trị bệnh gout\r\nCách nấu nước lá tía tô để uống hàng ngày\r\nUống nước tía tô có tác dụng gì?\r\nMột số tác dụng khi uống nước lá tía tô như:\r\n\r\nĐiều trị ho có đờm, ho hen lâu ngày, cảm cúm,…\r\nHỗ trợ điều trị tiêu chảy, thường xuyên đau bụng đi ngoài,…\r\nHỗ trợ điều trị vấn đề động thai, băng huyết.\r\nTrị suy nhược thần kinh, sưng vú.\r\nTrị các vấn đề về viêm nhiễm, dị ứng, mề đay.\r\nLàm trắng da, chống lão hóa.\r\nHỗ trợ điều trị bệnh gout.\r\nHỗ trợ giảm cân, ngăn cơ thể hấp thu chất béo.\r\nĐiều trị các vấn đề về viêm loét dạ dày, đau dạ dày,', 'Lá tía tô vừa làm gia vị nấu nướng, vừa làm thuốc chữa bệnh rất tốt cho sức khỏe. Ngoài ra, nó còn giúp làm đẹp, cải thiện làn da, giúp da mịn màng, trắng sáng.\r\nChữa cảm lạnh: Chuẩn bị 1 trái quýt, 3 lát gừng, một nắm lá tía tô. Mang nấu chung với lượng nước vừa đủ đến khi sôi thì chắt ra. Nên uống khi còn nóng kết hợp với đắp chăn ấm có thể giúp điều trị cảm lạnh.\r\nGiải cảm: Chuẩn bị khoảng 2 củ hành, nắm lá tía tô, 3 miếng gừng. Mang toàn bộ nguyên liệu đi sơ chế rồi cắt nhỏ ra, để vào bát. Đập thêm một quả trứng vào rồi trộn lên, cho thêm vào một ít cháo hoa, trộn lên rồi ăn lúc nóng, giải cảm rất hiệu quả.\r\nĐau bụng, đầy hơi: Đối với những người bị đầy hơi hoặc đau bụng đi ngoài, có thể lấy lá tía tô mang đi giã nát, chắt lấy nước cốt, hòa chung vào một ít muối rồi uống. Các triệu chứng sẽ giảm rõ rệt.', 'Nên sử dụng lá tía tô hết trong ngày, không nên để qua đêm hoặc nếu để quá lâu, các dưỡng chất bên trong sẽ mất đi tác dụng, ảnh hưởng đến hệ tiêu hóa.\r\nNên để nước tía tô vào tủ lạnh khi không dùng đến, nếu dùng để chữa ho, viêm họng,… mỗi khi sử dụng nên hâm cho ấm lại rồi uống.\r\nĐối với người đang nóng sốt, ra mồ hôi nhiều thì không nên dùng nước lá tía tô.'),
(047, 000047, 'Cây mã đề tiếng Anh là gì? Trong tiếng anh cây mã đề thường được gọi là (danh pháp hai phần Plantago major), loài thực vật thân cỏ thuộc họ Mã đề (tiếng anh: Plantaginaceae). ', '2-3% Iridoid glycoside (aucubin, catalpol)\r\n2-6,5% chất nhầy; flavonoid (apigenin, luteolin)\r\n6,5% tanin\r\nAxit oleanilic\r\nAxit thực vật\r\n1% axit silicic\r\nKhoáng chất (kẽm, kali, sắt)\r\nPhenylethanoid (acteoside)\r\nAxit chlorogenic\r\nVitamin (A, C và K).\r\nKhông chỉ lá mà toàn thân của cây cũng hội tụ rất nhiều hoạt chất Glucozit. Bên cạnh đó, chúng còn có nhiều chất nhầy, chất đắng cũng như  các Vitamin quan trọng cho cơ thể.', 'Cây mã đề tác dụng giúp cải thiện sức khỏe đường hô hấp\r\nCây mã đề tác dụng giúp tăng cường miễn dịch cho cơ thể\r\nCây mã đề hỗ trợ sức khỏe tiêu hóa\r\nCây mã đề hỗ trợ các bệnh viêm đại tràng mãn tính\r\nCây mã đề công dụng giúp tăng cường sức khỏe da\r\nCây mã đề chữa sỏi thận và suy thận', 'Các bạn không nên sử dụng quá nhiều loại dược liệu này mà không biết được liều lượng chính xác. Ở đây theo các khuyến cáo, thì chỉ nên tiêu thụ khoảng từ 10 – 30kg mỗi ngày.\r\n\r\nCây mã đề ăn được không? Không chỉ được dùng làm thuốc mà mã đề còn được sử dụng như một loại thực phẩm hữu ích. Bạn hoàn toàn có thể dùng chúng để chế biến các món ăn ngon cho gia đình.\r\n\r\nMón ăn từ cây mã đề có thể được chế biến đa dạng giống như các loại rau xanh khác. Tùy theo khẩu vị của mỗi gia đình mà có thể dùng chúng để xào, luộc và thậm chí là nấu canh. Nhưng liệu cây mã đề ăn sống được không? Thực tế, phần lá non có thể được sử dụng để ăn sống và vẫn đảm bảo cung cấp được những dưỡng chất cần thiết. Tránh sử dụng phần lá già vì chúng có thể hơi khó để nhai.\r\n\r\nNgoài ra, một cách thông dụng khác đó là sử dụng mã đề để sắc nước uống. Phần mã đề phơi khô có thể sử dụng như trà và uống thay thế nước lọc hàng ngày. Bên cạnh đó, chúng cũng được tán mịn thành bột để phục vụ nhiều mục đích sử dụng khác nhau.', 'Sử dụng đúng liều lượng và không nên lạm dụng. Tốt nhất nên hỏi ý kiến của các bác sĩ điều trị.\r\nPhụ nữ đang trong giai đoạn mang thai nên tránh sử dụng. Việc tự ý sử dụng hoặc dùng không đúng cách có thể ảnh hưởng đến thai nhi. Trường hợp xấu hơn là có thể dẫn đến sảy thai.\r\nTrẻ nhỏ và nhất là trẻ dưới 3 tuổi nên tránh sử dụng.\r\nKhông nên tự kết hợp các thành phần dược liệu với nhau. Đặc biệt là nếu không biết công dụng hoặc dược tính của chúng. Ngay cả với việc chế biến mã đề với các thực phẩm khác cũng nên được xem xét kỹ.\r\nĐể đạt được công dụng hiệu quả, hãy tránh việc sử dụng bia rượu trong quá trình điều trị hoặc sử dụng cây mã đề.'),
(048, 000048, 'Quả sim rừng được biết đến là vị thuốc có nhiều công dụng tốt cho sức khỏe. Tất cả các bộ phận từ thân, lá, rễ cây sim đều có thể sử dụng như một vị thuốc. Loại quả này khi được lên men có mùi vị rất thơm và dễ uống, có nhiều tác dụng tốt.', 'Trong quả sim rừng, các nhà khoa học tìm ra được thành phần của các loại protein, các axit béo, rất nhiều vitamin và một số dược chất như thiamin, riboflavin và acid nicotinic. Loại quả này tốt cho phụ nữ mang thai, giúp an thai bổ máu. Ngoài ra, quả sim rừng cũng giúp tăng cường sinh lực cho cơ thể.\r\n\r\nTrong thân, lá và nụ sim còn có nhiều hoạt chất có tác dụng hỗ trợ giải độc gan, ngăn ngừa sự xâm nhập của các vi khuẩn có hại đối với hệ tiêu hóa.', 'Quả sim rừng giúp bổ máu, an thai\r\nĐối với các bà bầu hay phụ nữ sau sinh, việc bổ sung sắt để chống thiếu máu là quan trọng hàng đầu. Dùng trà sim rừng hàng ngày sẽ giúp tăng cường tạo máu, chống xuất huyết và suy nhược cơ thể.\r\n\r\nQuả sim rừng giúp kích thích tiêu hóa\r\nTrong thành phần của quả sim rừng có chứa nhiều dưỡng chất giúp cơ thể khỏe mạnh, tăng cảm giác ngon miệng khi ăn.\r\n\r\nTăng cường chức năng sinh lý\r\nKhông chỉ tốt cho phụ nữ, quả sim cũng rất tốt cho nam giới. Sim rừng có tác dụng bổ khí huyết, tăng cường sinh lực nam, điều trị bệnh yếu sinh lý, xuất tinh sớm. Vị ngâm sim rừng thơm ngon tương tự như vang nho, phù hợp với vị giác của người dân Á Đông và thỏa mãn bản năng chinh phục của phái mạnh.\r\n\r\nGiảm thiểu xơ vữa động mạch\r\nQuả sim có tác dụng làm tăng cholesterol có lợi cho cơ thể. Vì vậy tình trạng xơ vữa động mạch cũng được giảm thiểu đáng kể khi sử dụng loại quả này.\r\n\r\nChống lão hóa, làm đẹp da\r\nCó lẽ ít ai biết ngoài công dụng tốt cho sức khỏe thì, quả sim cũng rất tốt cho việc chăm sóc da. Với hàm lượng vitamin và khoáng chất cao, sử dụng nước ngâm loại quả này mỗi ngày với liều lượng phù hợp sẽ giúp bạn có làn da đẹp, hồng hào hơn. Ngăn ngừa tình trạng lão hóa da sớm.', 'Quả sim rừng chín tím mọng, có thể dùng trực tiếp như các loại quả khác. Người sử dụng có thể ngâm sim tươi, làm nước ép sim hoặc sim rừng ướp đường. Tuy nhiên, cách dùng như trên chỉ phù hợp đối với người dân tại vùng cao. Bởi quả sim là một loại quả vỏ mỏng, dễ bị hỏng trong quá trình vận chuyển đi xa.\r\n\r\nLà một đơn vị cung cấp dược liệu lâu năm, Dược liệu Thái Sơn hoàn toàn có thể nhận biết được điều này. Vì thế, chúng tôi sẽ giới thiệu cho mọi người những cách sử dụng khác. Quả sim rừng hong khô, vừa có thể dùng làm trà thưởng thức hàng ngày, đảm bảo được độ an toàn và tác dụng của quả sim đối với người sử dụng.', 'Hiện nay trên thị trường rất nhiều nơi cung cấp dược liệu, tuy nhiên để lựa chọn được một cơ sở cung cấp sản phẩm sạch, đảm bảo chất lượng vẫn còn là một vấn đề đối với người tiêu dùng. Tiệm thuốc nam Lê Thanh với rất nhiều năm gắn bó tìm hiểu và cung cấp cho khách hàng nguồn dược liệu sạch, an toàn, chúng tôi vẫn tự tin là đơn vị cung cấp tốt nhất tới tay người mua.\r\n\r\n'),
(049, 000049, 'Gừng gió là thảo dược được rất nhiều bệnh nhân gần xa săn đón. Khác với củ gừng thường, gừng gió tuy nhỏ bé nhưng có nhiều công dụng chữa bệnh rất hiệu quả như: điều trị cảm lạnh, xơ gan, đau xương khớp, mỡ máu, viêm loét dạ dày,…', 'Theo các nghiên cứu, trong gừng gió có chứa 13% lượng tinh dầu, bao gồm các dược chất như monoterpen, sesquiterpen, chất dầu béo và nhựa cây.\r\n\r\nNgoài ra, nó còn chứa cả humulen, zerumbon, monocyclic sesquiterpene xeton. Hầu hết, tất cả dược chất này đều có khả năng hỗ trợ điều trị xơ gan cổ trướng, đại tràng, mỡ máu rất tốt.', 'Điều trị các chứng ăn không tiêu, đầy bụng, thường xuyên ợ chua, ợ nóng.\r\nCông dụng của gừng gió hỗ trợ ức chế sự phát triển của các tế bào ung thư hoặc u nang buồng trứng ở phụ nữ.\r\nHỗ trợ điều trị chứng cồn cào, nôn nao và chóng mặt.\r\nDùng làm thuốc thải độc, làm ấm vùng bụng dưới cho phụ nữ sau sinh.\r\nKích thích tiêu hóa thức ăn ở dạ dày, giúp ăn ngon ngủ ngon, cải thiện làn da hồng hào.\r\nHỗ trợ cải thiện chứng viêm gan, xơ gan cổ trướng.', 'Gừng gió tươi hay khô đều có 2 cách dùng chủ yếu: Sắc nước uống hoặc đem ngâm rượu.', 'Dược liệu này không dùng cho người có nhiệt nóng.\r\nThuốc phát huy tác dụng nhanh hay chậm phụ thuộc vào tình trạng bệnh và cơ địa của mỗi người.\r\nVới những bệnh nhân u xơ gan cổ trướng, đại tràng, khi dùng thuốc nên ăn nhạt và hạn chế các thực phẩm nhiều kali, không uống rượu bia.\r\nDùng kiên trì và đều đặn để có hiệu quả như mong đợi.'),
(050, 000050, 'Nhân trần có nhiều tên gọi như chè nội, bồ bồ, hoắc hương, chè cát. Tên khoa học của loài thảo dược này là Adenosma glutinosum. Đây là loài thực vật có hoa, thuộc họ Mã đề, một số tài lại ghi chép lại coi vị thuốc thuộc họ Huyền sâm, họ hoa mõm chó.', 'Các nghiên cứu trên thế giới cho thấy, trong nhân trần có các thành phần hóa học tốt cho sức khỏe con người. Một số thành phần hoá học như flavonoid, coumarin, saponin, acid nhân thơm và tinh dầu.\r\n\r\nTrong tinh dầu của thảo dược chứa khoảng 1% gồm paracymen, limonen, pinen, anethol,… một số nghiên cứu khác đã chiết tách từ phần thân cây một momo terpenoid peroxyd,…', 'Tác dụng thanh nhiệt, giải độc cơ thể.\r\nĐiều trị viêm gan, tăng cường khả năng đào thải độc tố của gan, chữa vàng da, đau mắt đỏ.\r\nCông dụng tăng tiết mật, giúp lợi tiểu.\r\nTiêu diệt giun, điều này đã được thực nghiệm trên giun đũa cho ra kết quả rất tốt.\r\nĐiều trị mất ngủ kinh niên.\r\nHạ huyết áp\r\nGiúp ức chế các tế bào ung thư', 'Một số công thức trà nhân trần\r\nCách 1: Nhân trần 40g thái vụn, hãm cùng với nước sôi trong ấm trà kín trong 15 phút, cho thêm một chút đường phèn để điều vị, uống thay trà hàng ngày. Dùng để ngăn ngừa các bệnh thấp nhiệt và hỗ trợ điều trị viêm gan cấp, mãn tính.\r\nCách 2: Nhân trần 200g, trà 40g, sinh đại hoàng 50g. Đem ba vị thuốc tán vụn, mồi ngày sử dụng từ 20-30g hãm với sôi trong ấm trà hoảng 15 phút, sử dụng thay trà hàng ngày. Dùng để chữa trị viêm gan vàng da cấp tính có sốt.\r\n\r\nCách 3: Cây bạch hoa xà thiệt thảo 400g, sinh cam thảo 50g, nhân trần 200g. Đem tất cả tán vụn, mỗi ngày sử dụng khoảng 50g hãm cùng với nước sôi trong ấm trà. Sau 15 phút thì có thể sử dụng được, uống thay trà hàng ngày, dùng để chữa viêm gan vàng da cấp tính có triệu chứng sốt kèm theo.\r\n\r\nCách 4: Mạch nha 500g, quất bì 300g, nhân trần 500g, đem tất cả thảo dược sấy khô, tán thành vụn nhỏ. Mỗi ngày sử dụng 50g hãm cùng với nước sôi trong ấm trà. Sau khoảng 30 phút thì lấy ra sử dụng, uống thay trà hàng ngày. Dùng để chữa trị viêm gan như chán ăn, rối loạn tiêu hoá, đầy bụng chậm tiêu.', 'Để sử dụng vị thuốc một cách hiệu quả và khoa học, bạn cần phải lưu ý một số điều sau đây để không gặp phải những triệu chứng không mong muốn.');

-- --------------------------------------------------------

--
-- Cấu trúc bảng cho bảng `nguoidung`
--

CREATE TABLE `nguoidung` (
  `manguoidung` int(6) UNSIGNED ZEROFILL NOT NULL,
  `email` varchar(100) COLLATE utf8mb4_unicode_ci NOT NULL,
  `password` varchar(100) COLLATE utf8mb4_unicode_ci NOT NULL,
  `hoten` varchar(50) COLLATE utf8mb4_unicode_ci NOT NULL,
  `ngaysinh` date DEFAULT NULL,
  `gioitinh` int(4) DEFAULT '1',
  `sodienthoai` varchar(45) COLLATE utf8mb4_unicode_ci NOT NULL,
  `diachi` longtext COLLATE utf8mb4_unicode_ci,
  `trangthaitaikhoan` int(4) DEFAULT '0',
  `maquyen` int(3) DEFAULT '0'
) ENGINE=InnoDB DEFAULT CHARSET=utf8mb4 COLLATE=utf8mb4_unicode_ci ROW_FORMAT=DYNAMIC;

--
-- Đang đổ dữ liệu cho bảng `nguoidung`
--

INSERT INTO `nguoidung` (`manguoidung`, `email`, `password`, `hoten`, `ngaysinh`, `gioitinh`, `sodienthoai`, `diachi`, `trangthaitaikhoan`, `maquyen`) VALUES
(000004, 'nhattan@gmail.com', '$2y$10$A.3IfDhR3fXvrd7RFSNdxegui6QwvdnkfD9uylv2nXZHFz7s6wqyK', 'Trần Nhật Tân', '1989-11-02', 1, '0398453622', '151 Ông Bích Khiêm, Thạch Thang, Thanh Khê, Đà Nẵng', 0, 0),
(000005, 'nguyenhang@gmail.com', 'admin2', 'Nguyễn Thị Hằng', '2001-07-03', 0, '0352574439', '100 Hải Phòng, Thạch Thang,Hải Châu, Đà Nẵng', 1, 1),
(000006, 'thanhduc@gmail.com', '$2y$10$xwJCnPHH3vIvDdWFswDa8eO6YHJDSWeflz2euCPGohSSgs/NaA7vu', 'Trần Thành Đức', '1998-11-02', 1, '0357267793', '82 Thanh Sơn - Thanh Bình - Hải Châu - Đà Nẵng', 1, 0),
(000007, 'hiep2@gmail.com', '$2y$10$xwJCnPHH3vIvDdWFswDa8eO6YHJDSWeflz2euCPGohSSgs/NaA7vu', 'Vy Quang Hiệp', '2001-05-01', 1, '0352572392', '02 Thanh Sơn, Thanh Bình, Hải Châu, Đà Nẵng', 0, 1),
(000008, 'hai@gmail.com', '$2y$10$xwJCnPHH3vIvDdWFswDa8eO6YHJDSWeflz2euCPGohSSgs/NaA7vu', 'Nguyễn Văn Hải', '2001-05-01', 1, '0987654322', 'Đà Nẵng', 0, 0),
(000009, 'nguyenthilien@gmail.com', '$2y$10$oQ8E7zxcVOtypxni.QTqs.Si0lpEiQGHuVpA90yDwnDKwNQyhMBhK', 'Nguyễn Thị Liên', NULL, 0, '0346879001', 'Đà Nẵng', 0, 0),
(000010, 'dinhthi@gmail.com', '$2y$10$xwJCnPHH3vIvDdWFswDa8eO6YHJDSWeflz2euCPGohSSgs/NaA7vu', 'Trần Đình Thi', NULL, 1, '0352576893', 'Quận Liên Chiểu, Thành Phố Đà Nẵng', 0, 1),
(000016, 'daihoanggia1992@gmail.com', '$2y$10$WpoUHUk8lr6B498rhlceuusYuGtFRYTOddH.SGhwaTz.98AZjnLwm', 'Hoàng Thị Thu huyền', NULL, 0, '0352575525', 'Quận Liên Chiểu, Thành Phố Đà Nẵng', 0, 0),
(000017, 'cuong@gmail.com', '$2y$10$BzEIRULbzY8eWU6QtKKCvOPtYqGuj4YannHDVYvePJwzXJicK5zCa', 'Lương Văn Cường', NULL, 1, '0352575523', '02 Thanh Sơn, Thanh Bình, Hải Châu, Đà Nẵng', 0, 0),
(000018, 'yennhi@gmail.com', '$2y$10$N/oxPRCtaE1f4Sn3MxGq3uKfd8RIj5UNCztMZ1vsrvcmo.YmJKmXy', 'Trần Thị Yến Nhi', NULL, 0, '0352775339', 'Quận Liên Chiểu, Thành Phố Đà Nẵng', 0, 0),
(000019, 'minhnhat@gmail.com', '$2y$10$xwJCnPHH3vIvDdWFswDa8eO6YHJDSWeflz2euCPGohSSgs/NaA7vu', 'Lê Minh Nhật', NULL, 1, '0352576890', 'Ngũ Hành Sơn, Thành Phố Đà Nẵng', 0, 1),
(000020, 'nhi@gmail.com', '$2y$10$3GauSyoHBXa1oYS2fuLavuH/MJtWEGT2IeBAkjlqR3zqtDQRCGLsq', 'Trần Phương Nhi', NULL, 0, '0352575525', 'Đà Nẵng', 0, 0),
(000028, 'ha@gmail.com', '$2y$10$mpEIkRrqi42wJ.xeWaSzp.5eON87gZBwzEq6oDna95s5emzFx9KKa', 'Hoàng Thị Thu Hà', NULL, 0, '0352676833', 'Hoà Cầm ,Đà Nẵng', 0, 2),
(000029, 'khanh@gmail.com', '$2y$10$xwJCnPHH3vIvDdWFswDa8eO6YHJDSWeflz2euCPGohSSgs/NaA7vu', 'Trần Văn Khánh', NULL, 1, '0352576643', 'Quận Liên Chiểu, Thành Phố Đà Nẵng', 0, 3),
(000030, 'ducluu@gmail.com', '$2y$10$qbsbvn5QY7Zyv.isiwt8gu.lmPZUaRV.vbFK44WSGNsYCy0xtvSKm', 'Lưu Văn Đức', NULL, 0, '0352598756', 'Đà Nẵng', 0, 0),
(000031, 'nhuy@gmail.com', '$2y$10$wp6hFrEzChe9BHkk8erIxeUqsztsEYicB6jjHaKFG9B67z2BtdCPm', 'Nguyễn Thị Như Ý', NULL, 0, '0352676844', 'Đà Nẵng', 0, 0),
(000032, 'nhanhau@gmail.com', '$2y$10$AVTmzfEPszJmtz4cz8/35ui0LP2PpizkQ2TVxwu0MZt.ZoharSLrq', 'Trần Nhân Hậu', NULL, 1, '0352575522', 'Đà Nẵng', 0, 0),
(000033, 'thanhtuyen@gmail.com', '$2y$10$r8hO08yaMLo2oN5ep3n/geNXZ7YSTj2cCAkOIdfysZ5FB6OaIQjcm', 'Hoàng Thị Thanh Tuyền', NULL, 0, '0352576899', 'Đà Nẵng', 0, 0),
(000034, 'tantran@gmail.com', '$2y$10$NOJU2nliIAkRppwU/WRhzOqgrcsL4QN5qHoNuTCQULxxkwNQIZoTa', 'Trần Nhật Tân', NULL, 1, '0352576845', 'Đà Nẵng', 0, 0),
(000035, 'vanbuu@gmail.com', '$2y$10$hZ94rTwDehyn0eXv37ms7OanB5LyI6kkyT6Ihbc9mpVvXb0AIJtmG', 'Nguyễn Văn Bửu', NULL, 1, '0352576892', 'Đà Nẵng', 0, 0),
(000036, 'phuongthanh@gmail.com', '$2y$10$vcwhcBqtz4vdf/vehVst.ep79i0H9knyzgjTEb9w8gVfy564gnpJ2', 'Nguyễn Thị Phương Thanh', NULL, 0, '0352576231', 'Đà Nẵng', 0, 0),
(000037, 'manhhung@gmail.com', '$2y$10$b2V5A1L8nyCvAeVNeAjL3uHHRfR1CqCrWkaHNWR9Vadygk/X6X2li', 'Trần Phạm Mạnh Hùng', NULL, 1, '0352575523', 'Đà Nẵng', 0, 0),
(000038, 'thaibinh@gmail.com', '$2y$10$bAFJnWMzlK3kH2eyynnPHeOi69io4MUx...Em2vJ7PYp37TQDKApm', 'Hồ Thái Bình', NULL, 1, '0352576855', 'Đà Nẵng', 0, 0),
(000039, 'hoatran@gmail.com', '$2y$10$BnT44FaBog0YCYthPxvnhufD495TpMjrgX/wD4hYUkcydqaysM/KC', 'Trần Thị Hoa', NULL, 0, '0352574533', 'Đà Nẵng', 0, 0),
(000040, 'vanquyet@gmail.com', '$2y$10$lSOU59jv6Tfuy74787nHDuYksOpdZgW.8M6fARpyGAw0j4ZpNLa0W', 'Nguyễn Văn Quyết', NULL, 1, '0352575522', 'Sơn Trà, Đà Nẵng', 0, 0),
(000041, 'thientam@gmail.com', '$2y$10$WdWUatvGqty0nyEd13NOEuv.T4J8bIYvU9OScyGthQTYPSmhva3Xq', 'Trần Thiện Tâm', NULL, 1, '0352576887', 'Đà Nẵng', 0, 0),
(000042, 'anhtuan@gmail.com', '$2y$10$DE43mezpkmZrLSh.pMAUQ.Hk/DnqO7jFzDxRcGHHHTnX6q09MNYNO', 'Hà Trần Anh Tuấn', NULL, 1, '0352576893', 'Đà Nẵng', 0, 0),
(000043, 'xuanphuc@gmail.com', '$2y$10$94Jf6Rz26s00mt0qCweuQuPtyDqt0X22wub3MbkHtn7rG2RDyJYE6', 'Võ Xuân Phúc', NULL, 1, '0352576893', 'Đà Nẵng', 0, 0),
(000044, 'quanghuy@gmail.com', '$2y$10$H0LhsIPSWC4VI9QtDbCr1./n/KZfAUNlS6NrbXkpW6/61ZclRHk/2', 'Đào Quang Huy', NULL, 1, '0352575521', 'Đà Nẵng', 0, 0),
(000045, 'thanhlam@gmail.com', '$2y$10$Tf1xGDHHuAGidqSKrFvYnuSCMIGxHM7ngkyzv6xDfv.4dgRTHLCH2', 'Nguyễn Thanh Lâm', NULL, 1, '0352576897', 'Đà Nẵng', 0, 0),
(000046, 'kimduyen@gmail.com', '$2y$10$wzDVcuE0EbBxlIPPkOl6QOdpHQ.4Ec79UkasCUTHFAMttZVElGIt.', 'Triệu Thị Kim Duyên', NULL, 0, '0352576899', 'Đà Nẵng', 0, 0),
(000047, 'anhtuan@gmail.com', '$2y$10$n97uyRmFvEF8Ujl8Wp85vuo1MR3k/aFiXYlnNXGV0kd1oFFaKZIR6', 'Hà Anh Tuấn', NULL, 1, '0352575522', 'Đà Nẵng', 0, 0),
(000048, 'minhkhoi@gmail.com', '$2y$10$LamnLaTWpxHNbLyd4tg9aOeFoK8X7/Wu2hX64T564WPc4.zyUkrY6', 'Lê Minh Khôi', NULL, 1, '0352574566', 'Đà Nẵng', 0, 0),
(000049, 'xuantoan@gmail.com', '$2y$10$HudWXOBBUt9a/C5jG05m/uNQ/Gws3.N0b1d7t92J6AV7PYMABDqv.', 'Nguyễn Xuân Toán', NULL, 1, '0352576893', 'Đà Nẵng', 0, 0),
(000050, 'khanhha@gmail.com', '$2y$10$JvCSRupJquoaMPRL4A7VvuJ2t4NYktFWlQuM.dK9lowib6YJnfM4.', 'Nguyễn Thị Khánh Hạ', NULL, 0, '0352575529', 'Đà Nẵng', 0, 0),
(000051, 'lanhuong@gmail.com', '$2y$10$OcKqL4qyUVS5kr8Af.Fyc.EF9iD4CRAu./UG.vCQwaIrKMSGKq47i', 'Nguyễn Thị Lan Hương', NULL, 0, '0352576801', 'Đà Nẵng', 0, 0),
(000052, 'thienphuoc@gmail.com', '$2y$10$D7Ww2KsmiTDwS2wwQErRCuCuJoSLGq9A2UH4uJenmPuicnR6wuI.K', 'Hồ Thiện Phước', NULL, 1, '0359978655', 'Đà Nẵng', 0, 0),
(000053, 'vananh@gmail.com', '$2y$10$DUnT1hh.XNF9BCxbXWU0feZy.iP0nHAsMQqKDMGj6E6VJkCsV8vV.', 'Hồ Thị Vân Anh', NULL, 0, '0359998077', 'Đà Nẵng', 0, 0),
(000054, 'duyviet@gmail.com', '$2y$10$YZ9BLRliEQceZJ2JY6kIkeND0BUVoe.dCFfgbgsyeFRRWevAYi2F2', 'Nguyễn Duy Việt', NULL, 1, '0352575529', 'Đà Nẵng', 0, 0),
(000055, 'thaihuy@gmail.com', '$2y$10$BKP6/.PQtHcP.HxtkWS4guVBjj75r8jXEEgv1TVZQhjDbOlvKPGpy', 'Đậu Thái Huy', NULL, 1, '0352576899', 'Đà Nẵng', 0, 0),
(000056, 'yenvy@gmail.com', '$2y$10$Intrb29P.4MZVfijJtkPruC21y14F3ym1QpJn4pZx3J0H58Xxah1K', 'Trần Thị Yến Vy', NULL, 0, '0352575900', 'Đà Nẵng', 0, 0),
(000057, 'quochuy@gmail.com', '$2y$10$GdvYQtGrl7CRg5xXVZLPe.EGns943ad9wKIvfBO6rxYLbVLcP.ktC', 'Trần Quốc Huy', NULL, 0, '0345768991', 'Đà Nẵng', 0, 0),
(000060, 'ytien@gmail.com', '$2y$10$DaKtI/tvqFbnbLFvHVk2TeChtsjUdcEcll86/w5rRp14phkAKdx8G', 'Trần Y Tiến', NULL, 0, '0354565744', 'Đà Nẵng', 0, 0),
(000061, 'haidang@gmail.com', '$2y$10$uY9jC28Numd2CYr3dLiG6.5sYRCwADVMSDIA1SBrp2SQ92Sj8.yjq', 'Nguyễn Hải Đăng', NULL, 1, '0352575908', 'Đà Nẵng', 1, 2);

-- --------------------------------------------------------

--
-- Cấu trúc bảng cho bảng `nhacungcap`
--

CREATE TABLE `nhacungcap` (
  `manhacungcap` int(6) UNSIGNED ZEROFILL NOT NULL,
  `tennhacungcap` varchar(100) NOT NULL,
  `sodienthoai` varchar(11) CHARACTER SET utf8mb4 COLLATE utf8mb4_unicode_ci NOT NULL,
  `diachi` longtext CHARACTER SET utf8mb4 COLLATE utf8mb4_unicode_ci,
  `thoigiandangky` datetime NOT NULL DEFAULT CURRENT_TIMESTAMP,
  `masanpham` int(6) UNSIGNED ZEROFILL NOT NULL
) ENGINE=InnoDB DEFAULT CHARSET=utf8mb4;

--
-- Đang đổ dữ liệu cho bảng `nhacungcap`
--

INSERT INTO `nhacungcap` (`manhacungcap`, `tennhacungcap`, `sodienthoai`, `diachi`, `thoigiandangky`, `masanpham`) VALUES
(000001, 'Vy Quang Hiệp', '0352577798', '02 Thanh Sơn - Thanh Bình -Hải Châu - Đà Nẵng', '2020-05-03 17:30:00', 000001),
(000002, 'Lê Quang Nhật', '0357267790', '8 Thanh Thuỷ, Thanh Bình, Hải Châu', '2022-03-08 20:52:00', 000005),
(000003, 'Nguyễn Thị Hồng Thanh', '0398453621', '25 Hải Hồ, Thanh Bình, Hải Châu, Đà Nẵng', '2023-05-03 20:41:16', 000002),
(000004, 'Nguyễn Huy Hoàng', '0342768972', '119 Mai Am, Thuận Phước, Hải Châu, Đà Nẵng', '2023-05-03 20:41:16', 000022),
(000005, 'Trần Thanh Vũ', '0387908765', '65 Ông Bích Khiêm, Thanh Bình, Hải Châu, Đà Nẵng', '2023-05-03 20:41:16', 000015),
(000006, 'Nguyễn Thị Nhàn', '0345778906', '332 Hùng Vương, Vĩnh Trung, Hải Châu, Đà Nẵng', '2023-05-03 20:41:16', 000016),
(000007, 'Trần Hữu Nghĩa', '0325675553', '401 Đ.Lê Duẩn, Tân Chính, Thanh Khê, Đà Nẵng', '2023-05-03 20:41:16', 000025),
(000008, 'Hoàng Thị Huyền Trang', '0397889233', '172 Ông Bích Khiêm, Thạch Thang, Thanh Khê, Đà Nẵng', '2023-05-03 20:41:16', 000002),
(000009, 'Nguyễn Thành Nhanh', '0326547662', '107 Hải Phòng, Thạch Thang,Hải Châu, Đà Nẵng', '2023-05-03 20:41:16', 000046),
(000010, 'Phan Đăng Khoa', '037287944', '50 Trần Cao Vân, Tam Thuận, Hải Châu, Đà Nẵng', '2022-05-03 13:55:00', 000004),
(000011, 'Đinh Văn Hoà', '0352557799', '203 Ông Bích Khiêm, Tân Chính, Thanh Khê, Đà Nẵng', '2022-11-02 22:10:00', 000005),
(000012, 'Lê Công Thành', '0352572799', '05 Đinh Tiên Hoàng, Thanh Bình, Hải Châu, Đà Nẵng', '2023-05-03 20:42:37', 000045),
(000013, 'Trần Yến Linh', '0356478621', 'Hải Châu, Đà Nẵng', '2023-05-18 22:37:59', 000001),
(000014, 'Hà Văn Cường', '0356477622', 'Đà Nẵng', '2023-05-18 22:39:53', 000023),
(000015, 'Trần Thị Thanh Nhàn', '0352575525', '59 Trần Cao Vân, Tam Thuận, Thanh Khê, Đà Nẵng', '2023-05-18 22:44:43', 000007),
(000016, 'Hoàng Thị Thu hà', '0352576890', '59 Trần Cao Vân, Tam Thuận, Thanh Khê, Đà Nẵng', '2023-05-18 23:49:33', 000009);

-- --------------------------------------------------------

--
-- Cấu trúc bảng cho bảng `quyen`
--

CREATE TABLE `quyen` (
  `maquyen` int(3) NOT NULL,
  `quyen` varchar(100) NOT NULL
) ENGINE=InnoDB DEFAULT CHARSET=utf8mb4;

--
-- Đang đổ dữ liệu cho bảng `quyen`
--

INSERT INTO `quyen` (`maquyen`, `quyen`) VALUES
(0, 'Khách hàng'),
(1, 'Quản trị viên'),
(2, 'Nhân viên'),
(3, 'Nhân viên giao hàng');

-- --------------------------------------------------------

--
-- Cấu trúc bảng cho bảng `sanpham`
--

CREATE TABLE `sanpham` (
  `masanpham` int(6) UNSIGNED ZEROFILL NOT NULL,
  `tensanpham` varchar(255) CHARACTER SET utf8 COLLATE utf8_unicode_ci NOT NULL,
  `gia` decimal(10,0) UNSIGNED DEFAULT '0',
  `soluong` int(11) NOT NULL DEFAULT '0',
  `anhurl` varchar(255) COLLATE utf8mb4_unicode_ci NOT NULL,
  `mota` text CHARACTER SET utf8 COLLATE utf8_unicode_ci NOT NULL,
  `madanhmuc` int(3) NOT NULL,
  `maloai` int(6) NOT NULL
) ENGINE=InnoDB DEFAULT CHARSET=utf8mb4 COLLATE=utf8mb4_unicode_ci ROW_FORMAT=DYNAMIC;

--
-- Đang đổ dữ liệu cho bảng `sanpham`
--

INSERT INTO `sanpham` (`masanpham`, `tensanpham`, `gia`, `soluong`, `anhurl`, `mota`, `madanhmuc`, `maloai`) VALUES
(000001, 'Cây xạ đen - Vị thuốc quý điều trị ung thư', '150000', 42, 'https://vcdn-vnexpress.vnecdn.net/2019/06/06/la-xa-den-chua-ung-thu-va-HIV-5587-1559794826.jpg', 'Cây xạ đen là loại thảo dược quý mà thiên nhiên ban tặng. Với công năng hỗ trợ điều trị Ung thư, giúp giải độc gan, triệt tiêu các khối u bướu, cây xạ đen được tin tưởng sử dụng rộng rãi trong Y học cổ truyền và hiện đại. ', 2, 1),
(000002, 'Chè Dây -Hỗ trợ điều trị viêm loét dạ dày tá tràng\r\n', '150000', 3, 'https://vitas.org.vn/wp-content/uploads/2021/07/cong-dung-che-day-rung.jpg', 'Chè dây có giá trị rất quý về mặt dược liệu, các nghiên cứu khoa học cho thấy chè dây rất tốt cho những người có bệnh lý về dạ dày. Thảo dược này cũng giúp an thần, hỗ trợ ổn định huyết áp, thanh nhiệt tiêu viêm vô cùng hiệu quả. \r\n', 5, 1),
(000003, 'Chè Bồ Công Anh - Thanh lọc cơ thể', '150000', 54, 'https://bizweb.dktcdn.net/100/025/663/files/111-jpeg.jpg?v=1626192616026', 'Bồ công anh không chỉ đơn thuần là một loài hoa mang thông điệp tích cực từ cuộc sống, loài thực vật này còn có công dụng hữu ích cho cơ thể con người. Bồ công anh giúp giải độc gan, thanh lọc cơ thể, phòng ngừa Ung thư. Chiết xuất lành tính trong bồ công anh vô cùng thích hợp để mọi người sử dụng thay trà hàng ngày.', 1, 1),
(000004, 'Cây cam thảo đất - bài thuốc hay trị nhiều bệnh', '100000', 41, 'https://www.thuocdantoc.org/wp-content/uploads/2019/11/cay-cam-thao-dat.1.jpg', 'Cam thảo đất là vị thuốc Nam lấy từ cây cam thảo đất, có tác dụng ngăn ngừa biến chứng tiểu đường, chữa viêm họng, ho, giúp thanh nhiệt, lợi tiểu và nhiều công dụng khác.', 1, 1),
(000005, 'Nụ Hoa Tam Thất – Hỗ trợ điều trị mất ngủ, tốt cho tim mạch\r\n', '900000', 19, 'https://images.baodantoc.vn/thumbs/600x315/uploads/2022/Th%C3%A1ng%206/Ng%C3%A0y%207/Thanh/hoa-tam-that.jpg', 'Nụ hoa tam thất không chỉ đẹp mà còn mang lại rất nhiều công dụng tốt cho sức khỏe. Hoa tam thất được biết đến với chức năng giúp an thần, giải tỏa căng thẳng, tạo giấc ngủ sâu. Ngoài ra, còn giúp bổ máu, tiêu ứ huyết, lợi sữa, đặc biệt tốt với phụ nữ sau sinh. \r\n', 1, 3),
(000006, 'Giảo Cổ Lam – Giúp ổn định huyết áp, giảm mỡ máu', '150000', 52, 'https://giongcaytrong.org/uploads/shops/2016_10/giao-co-lam.jpg', 'Giảo cổ lam là dược liệu quý hiếm được sử dụng rộng rãi trong Tây y và y học cổ truyền. Loài thảo dược này được mệnh danh là cây thuốc trường sinh bởi công năng hỗ trợ điều trị hạ mỡ máu, tăng cường sức đề kháng, phòng ngừa các tai biến do tim mạch. ', 5, 1),
(000007, 'Hạt thì là - Bí kíp giảm cân, đẹp da và nhiều tác dụng tuyệt vời', '150000', 42, 'https://file.hstatic.net/1000387874/file/hat-thi-la-1_8de05ac6a75c495c8758ea6c0e924d09_grande.jpg', 'Hạt thì là không chỉ làm gia vị khử mùi tanh trong đồ ăn, trà hạt thìa được xem là thức uống có tác dụng giúp ngủ ngon, đẹp da, giảm cân và lợi sữa tuyệt vời.', 1, 1),
(000008, 'Cây Mú Từn – Thảo dược tăng cường sinh lý, chồng uống vợ mê', '120000', 53, 'https://taybacstore.com/wp-content/uploads/2023/02/cay-mu-tun.png', 'Mú Từn là loại vị thuốc quý có tác dụng tráng dương, bổ thận, kiện gân cốt, bài trừ phong thấp, đặc biệt rất tốt cho sinh lý cơ thể. Cây Mú Từn ngâm có màu đỏ nâu, vị đặm đà hơi chát, mùi rất thơm, được nhiều quý ông ưa thích và sử dụng.', 1, 1),
(000009, 'Hoa Đu Đủ Đực – Bài thuốc dân gian hỗ trợ điều trị Ung thư', '800000', 43, 'https://static.kinhtedothi.vn/w960/images/upload/2022/08/03/964fe575f5d91369f09087c8884ddecb.png', 'Hoa đu đủ đực là một loại dược liệu khá quý hiếm với nhiều công dụng đặc biệt. Chiết xuất đặc biệt từ hoa đu đủ đực giúp hỗ trợ phòng ngừa Ung thư, giảm thiểu u bướu, kích thích tiêu hóa, góp phần xây dựng một cơ thể khỏe mạnh.', 1, 3),
(000010, 'Sâm Cau Đỏ – “Thần dược” tự nhiên giúp bổ dương mạnh gân cốt', '150000', 45, 'https://cdn.medigoapp.com/product/1560584596_ba0ffc588f1189cbfd1eb4fb2daa4dd4_e7014939c1.jpg', 'Sâm cau đỏ là thượng phẩm thiên nhiên ban tặng riêng cho các quý ông. Với công năng bổ thận, tăng cường chức năng sinh lý, tăng cường sức khỏe phái mạnh, khi ngâm có nhiều tác dụng tốt cho sức khỏe. Sâm cau đỏ có mùi thơm đặc trưng, vị ngọt nhẹ, được nhiều quý ông ưa thích và sử dụng.', 1, 1),
(000011, 'Cây An Xoa – Vị thuốc quý trị ung thư gan, xơ gan cổ trướng\r\n', '120000', 58, 'https://vinmec-prod.s3.amazonaws.com/images/20211201_142453_015112_cay-an-xoa-co-tac-d.max-1800x1800.jpg', 'Theo Y học cổ truyền cây an xoa là cây thuốc quý sở hữu nhiều tác dụng đối với gan, hỗ trợ điều trị vô cùng hiệu quả trong việc giải độc gan, giúp tăng cường chức năng gan.\r\n', 2, 2),
(000012, 'Kỷ Tử – Vị thuốc quý giúp sáng mắt, tăng cường sinh lý\r\n', '350000', 38, 'https://vinmec-prod.s3.amazonaws.com/images/20211206_034428_026755_an-ky-tu.max-1800x1800.jpg', 'Là một trong những vị thuốc quý có nhiều công dụng tốt cho sức khỏe. Kỷ tử là vị thuốc được sử dụng phổ biến trong y học cổ truyền để trị các bệnh về mắt, vô sinh hiếm muộn, di mộng tinh ở nam giới hay viêm dạ dày mãn tính.\r\n', 9, 3),
(000013, 'Cây Rau Mương – Thuốc quý trị đau dạ dày, diệt vi khuẩn HP\r\n', '150000', 29, 'https://vinmec-prod.s3.amazonaws.com/images/20211215_143339_085705_cong-dung-cua-cay-r.max-1800x1800.jpg', 'Theo Y học cổ truyền, rau mương là loại dược liệu có vị ngọt nhạt, tính mát có tác dụng thanh nhiệt giải độc, tiêu sưng. Rau mương trong nhân dân thường được sử dụng làm thuốc điều trị đau dạ dày có H.Pylori và rất hiệu quả.\r\n', 5, 4),
(000014, 'Khổ Qua Rừng – Giảm cholesterol, hỗ trợ điều trị tiểu đường\r\n', '350000', 24, 'https://cdn.tgdd.vn/Files/2020/11/14/1306766/nhung-cong-dung-tuyet-voi-cua-kho-qua-rung-doi-voi-suc-khoe-202011141939077517.jpg', 'Khổ qua rừng được mệnh danh một loại thảo dược rất tốt cho người bị bệnh tiểu đường, cây thuốc mọc hoang nhưng mang lại tác dụng không ngờ tới. Khổ qua rừng đã thành công làm giảm bớt âu lo của con người trong hỗ trợ điều trị cao huyết áp, bệnh tiểu đường type II.\r\n', 4, 4),
(000015, 'Dây Thìa Canh – Thảo dược giúp hạ đường huyết và mỡ máu\r\n', '150000', 13, 'https://vinmec-prod.s3.amazonaws.com/images/20211127_173359_832074_tac-dung-cua-day-th.max-1800x1800.jpg', 'Dây thìa canh là loại dược liệu quý rất tốt cho những bệnh nhân bị tiểu đường, giảm hấp thu đường từ ruột vào máu, tăng sự dụng đường tại các mô cơ. Ngoài ra, thìa canh còn được biết đến như một loại thảo dược tốt cho tiêu hóa, phòng ngừa đau xương tê bại hiệu quả. \r\n', 8, 4),
(000016, 'Chuối Hột Rừng – Tốt cho bệnh sỏi thận\r\n', '120000', 43, 'https://amthuctaybac.net/wp-content/uploads/2022/03/qua-chuoi-hot-rung-song.jpg', 'Chuối hột rừng là một loại thực vật rất có giá trị về mặt dược liệu. Đây là vị thuốc có tác dụng kích thích tiêu hóa, bài trừ sỏi thận, tăng cường thanh lọc cơ thể.\r\n', 6, 4),
(000017, 'Cây ngải cứu - Công dụng chữa bệnh tuyệt vời\r\n', '120000', 19, 'https://icdn.dantri.com.vn/zoom/1200_630/2019/08/23/ngai-cuu-1566519242513.jpg', 'Ngải cứu là loại rau ăn có tác dụng bổ huyết, giúp an thai, uống nước cây ngải cứu có công dụng hỗ trợ điều kinh, chữa đau xương khớp, trị ho, cảm cúm, thiếu máu,… Có thể nói, rau ngải cứu là vị thuốc quý chữa đa bệnh, tốt cho sức khỏe, ít loại rau dại nào sánh bằng.\r\n', 11, 3),
(000018, 'Nấm Lim Xanh – Thảo dược quý từ thiên nhiên ban tặng\r\n', '1200000', 19, 'https://cdn.tgdd.vn/2021/03/CookProduct/Tac-dung-cua-nam-linh-xanh-gia-ban-va-cach-dung-an-toan-nhat-0-1200x676.jpg', 'Nấm Lim Xanh – loài thượng phẩm bổ dưỡng với nhiều thành phần quý giá có ảnh hưởng tích cực đến sức khỏe. Không chỉ hữu hiệu trong việc hỗ trợ điều trị Ung thư, nấm lim xanh còn giúp hỗ trợ điều trị các bệnh lý về gan, giúp tăng cường sức khỏe vô cùng hiệu quả.\r\n', 3, 3),
(000019, 'Trái Nhàu Khô – Chữa phong thấp, đau lưng, nhức mỏi tay chân', '150000', 34, 'https://cdn.tgdd.vn/Files/2018/04/12/1081621/cong-dung-cua-trai-nhau-khong-phai-ai-cung-biet-202206061440096925.jpg', 'Trái nhàu khô là một loại quả đa dạng về dinh dưỡng và chức năng dược lý, là tặng phẩm quý giá đến từ thiên nhiên. Trái nhàu khô vô cùng hữu ích đối với những người bị phong tê thấp, bệnh gout hay loãng xương, giúp tinh thần phấn chấn, lạc quan, xóa tan mệt mỏi. ', 1, 1),
(000020, 'Xuyên tâm liên - Kháng sinh thực vật dùng để điều trị COVID-19\r\n', '200000', 14, 'https://namlimxanh.vn/wp-content/uploads/2018/06/dac-diem-cua-cay-xuyen-tam-lien-va-tac-dung-cach-dung-xuyen-tam-lien.jpg', 'Xuyên tâm liên là một vị thuốc kháng sinh thực vật, dùng để hạ sốt, trị viêm họng, viêm đường hô hấp, tiêu chảy hay dùng để giải độc. Gần đây, Việt nam đã đưa Xuyên Tâm Liên vào làm thuốc hỗ trợ điều trị COVID-19.', 2, 2),
(000021, 'Cây tầm bóp - Cách sử dụng rau tầm bóp chữa bệnh.\r\n', '120000', 54, 'https://sinhduoc.vn/wp-content/uploads/2020/04/tacdungcuacaytamboplagi1_20190318152159.jpg', 'Cây tầm bóp là loại rau dại mọc lan ở khắp các vùng nông thôn. Vì vậy nên ít người biết rằng đây còn là vị thuốc quý với nhiều công dụng chữa bệnh, trong đó có ung thư.\r\n', 10, 2),
(000022, 'Trà Hoa Cúc – Giúp thanh nhiệt, giải độc, mát gan và đẹp da\r\n', '600000', 21, 'https://media-cdn-v2.laodong.vn/Storage/NewsPortal/2021/2/25/883455/Tra-Mat-Ong-Hoa-Cuc.jpg', 'Trà hoa cúc là loại thức uống có công dụng tuyệt vời đối với sức khỏe. Vị trà tính mát giúp giải tỏa căng thẳng, thanh nhiệt tiêu độc. Trà hoa cúc được người Việt Nam đón nhận như một hình thức trà đạo, thưởng thức chậm rãi cuộc sống, tĩnh tâm và đầy nghệ thuật. \r\n', 1, 3),
(000023, 'Chè Vằng Sẻ – Lợi sữa, giảm cân cho phụ nữ sau sinh\r\n', '150000', 39, 'https://cdn.tgdd.vn/Files/2021/08/04/1372996/che-vang-co-loi-sua-khong-cach-dung-nhu-the-nao-202206031115122226.jpeg', 'Chè vằng sẻ được sử dụng rộng rãi trong Y học cổ truyền và Y học hiện đại. Thảo dược chè vằng có tác dụng thanh nhiệt, giải độc, mát gan. Ngoài ra còn kích thích tiết sữa, giảm mỡ bụng, đặc biệt tốt đối với phụ nữ sau sinh.\r\n', 7, 1),
(000024, 'Cây Cối Xay – Vị thuốc quý chữa xương khớp, bệnh trĩ\r\n', '120000', 21, 'https://omega3.vn/wp-content/uploads/2021/05/cay-coi-xay-tuoi.jpg', 'Cây cối xay là vị thuốc dân gian hỗ trợ điều trị nhiều bệnh lý khác nhau như: xương khớp, gan, thận, trĩ… Đồng thời giúp thải độc, mát gan hiệu quả.\r\n', 11, 1),
(000025, 'Trà Lá Sen – Giúp thải độc gan, giảm cân, điều trị mỡ máu\r\n', '120000', 18, 'https://media.loveitopcdn.com/1229/cach-lam-tra-la-sen-don-gian-tai-nha.jpg', 'Trà lá sen là một loại trà đặc biệt có vị hơi chát, mùi thơm nhẹ, giúp an thần giải độc vô cùng hiệu quả. Vị trà này phù hợp với người muốn giảm béo, người có huyết áp không ổn định. Ngoài ra, trà lá sen cũng giúp hỗ trợ giấc ngủ, an thần.\r\n', 7, 1),
(000026, 'Cây Cỏ Xước – Vị thuốc dân gian trị sỏi thận, đau xương khớp\r\n', '120000', 18, 'https://cdn.nhathuoclongchau.com.vn/unsafe/filters:quality(95)/https://cms-prod.s3-sgn09.fptcloud.com/cay_co_xuoc_c845d62d6f.jpg', 'Cỏ xước là một loại thảo dược sử dụng rộng rãi trong dân gian. Vị thuốc có tác dụng hỗ trợ điều trị suy thận, chức năng thận kém, ngoài ra những người đau nhức xương khớp, viêm khớp cũng mang lại tác dụng vô cùng hiệu quả.\r\n', 10, 1),
(000027, 'Cây dừa cạn- Công dụng chữa ung thư và cách dùng gây ngỡ ngàng\r\n', '650000', 21, 'https://cdn.tgdd.vn/Files/2021/07/23/1370301/cach-cham-soc-va-cong-dung-it-ai-ngo-den-cua-cay-hoa-dua-can-202107231453028460.jpg', 'Cây dừa cạn (bông dừa cạn) là dược liệu có tác dụng hỗ trợ điều trị ung thư, tiểu đường, cao huyết áp. Cùng tìm hiểu hình ảnh, công dụng, cách dùng cây hoa dừa cạn \r\n', 4, 3),
(000028, 'Hoa Hòe – Ổn định huyết áp, ngăn ngừa tai biến mạch máu não\r\n', '350000', 22, 'https://suckhoedoisong.qltns.mediacdn.vn/Images/nguyenkhanh/2017/12/28/hoe_hoa.jpg', 'Cây hoa hòe từ lâu được trồng làm cây cảnh trong nhiều gia đình Việt Nam. Không chỉ là cây phong thủy, loại cây này còn cho nụ hoa có giá trị rất cao về mặt dược liệu. Nụ hoa hòe tinh chế thành trà giúp ổn định huyết áp, ngăn ngừa tai biến mạch máu não\r\n', 11, 1),
(000029, 'Lá Khôi – Thảo dược trị bệnh đau dạ dày, viêm loét dạ dày hiệu quả\r\n', '450000', 15, 'https://thuocdantoc.vn/wp-content/uploads/2019/05/la-khoi-tia-chua-trao-nguoc-da-day-02.jpg', 'Trong Đông y, lá khôi là một vị thuốc quý có hiệu quả đặc biệt trong điều trị bệnh đau dạ dày, viêm loét dạ dày tá tràng, ngoài ra còn giúp làm se vết loét, làm lành dạ dày và tá tràng nhanh chóng.\r\n', 5, 3),
(000030, 'Cỏ Mần Trầu – Vị thuốc đẹp da, bổ máu, chữa nhiều bệnh\r\n', '120000', 19, 'https://vinmec-prod.s3.amazonaws.com/images/20220103_080309_867173_co-man-trau.max-800x800.jpg', 'Cỏ mần trầu là loại thảo dược quý, thân thuộc với người dân quê của Việt Nam. Loại dược liệu này giúp làm đẹp da, bổ máu, chữa nhiều bệnh, mang lại sức đề kháng tốt cho người dùng.\r\n', 4, 1),
(000031, 'Bạch Hoa Xà Thiệt Thảo – Ngăn ngừa u bướu, điều trị Ung thư\r\n', '200000', 17, 'https://vinmec-prod.s3.amazonaws.com/images/20211130_095603_399974_bach-hoa-xa-1.max-1800x1800.jpg', '', 8, 1),
(000032, 'Cây Lạc Tiên – ‘Thần dược’ chữa bệnh mất ngủ cực hiệu quả\r\n', '150000', 18, 'https://nongduocyenbai.com/wp-content/uploads/2022/04/cay-lac-tien.jpeg', 'Lạc tiên là một tặng phẩm quý giá mà thiên nhiên ban tặng cho sức khỏe. Thảo dược lạc tiên xóa tan nỗi lo mất ngủ đối với những người thường xuyên khó ngủ, ngủ không ngon dẫn tới suy nhược cơ thể, căng thẳng tinh thần.\r\n', 1, 1),
(000033, 'Đinh Lăng Nếp – Nhân sâm của người nghèo chữa bách bệnh\r\n', '200000', 13, 'https://trungtamduoclieu.com/wp-content/uploads/2020/08/dinh-lang-nep-2-255x255.jpg', 'Đinh lăng có tác dụng giúp an thần, bổ trợ giấc ngủ, giảm đau nhức xương khớp. Ngoài ra, rượu đinh lăng còn giúp bổ thận tráng dương, tăng cường chức năng sinh lý. Đây là vị thuốc với nhiều công dụng ưu việt, xứng danh nhân sâm giá rẻ của mọi nhà.\r\n', 11, 1),
(000034, 'Trà Tâm Sen – Trị mất ngủ, giảm béo, hạ đường huyết hiệu quả\r\n\r\n', '300000', 15, 'https://sendaiviet.com/wp-content/uploads/2022/01/tra-tim-sen-co-cong-dung-gi-trong-viec-chua-mat-ngu.jpg', 'Trà tâm sen là một loại trà đặc biệt có vị hơi đắng, mùi thơm nhẹ, giúp điều trị mất ngủ vô cùng hiệu quả. Sử dụng trà tâm sen mỗi ngày có tác dụng tác dụng an thần, hạ nhiệt trị mất ngủ, làm ổn định huyết áp và nhịp tim.\r\n\r\n', 10, 3),
(000035, 'Tam Thất Nam – Vị thuốc giảm đau nhức xương khớp, điều trị phong thấp\r\n\r\n', '300000', 22, 'https://benhvienphusanhaiphong.vn/Images/news/dieu-tri-vo-sinh-o-dau-tot-nhat-1.jpg', 'Củ Tam Thất Nam là vị thuốc lâu đời của người dân Việt Nam, có tác dụng giảm đau nhức xương khớp, điều trị phong tê thấp. Ngoài ra dược liệu này còn hỗ trợ điều trị cầm máu, giúp điều hòa băng huyết và chữa tiêu sưng.\r\n', 6, 1),
(000036, 'Cây Mật Nhân – Bổ thận tráng dương, trị đau lưng, nhức mỏi\r\n', '120000', 22, 'https://tracuuduoclieu.vn/wp-content/uploads/2021/09/cay-mat-gau-khac-cay-mat-nhan.jpg', 'Mật nhân là loại thảo dược quý mà thiên nhiên ban tặng cho tất cả mọi người. Với công năng bổ thận, hỗ trợ tăng cường chức năng sinh lý, giảm đau, bổ khí huyết.', 9, 1),
(000037, 'Dây Gắm – “Khắc tinh” của bệnh Gút (Gout) và Xương Khớp\r\n', '150000', 60, 'https://vinmec-prod.s3.amazonaws.com/images/20211214_154954_164609_cong-dung-cua-cay-g.max-1800x1800.jpg', 'Dây gắm là loại thảo dược có công năng trị Gout vô cùng hiệu quả. Chiết xuất đặc biệt của thảo dược này giúp giảm lượng acid uric tồn dư, cắt cơn đau xương khớp. Dây gắm là mang lại niềm tin cho dân tộc Tày, được sử dụng nhiều trong nhân dân trong việc điều trị gout, xương khớp.\r\n.\r\n', 6, 2),
(000038, 'Tinh Bột Nghệ Đỏ – “Thần dược” cho sắc đẹp và sức khỏe', '450000', 48, 'https://photo-cms-tpo.epicdn.me/w890/Uploaded/2023/rwbvhvobvvimsb/2021_10_10/tinh-bot-nghe-2-4203.jpg', 'Tinh bột nghệ đỏ Việt Nam từ lâu đã được sử dụng rộng rãi trong đời sống của con người với những công năng như phòng ngừa Ung thư, điều trị các bệnh dạ dày, hồi phục thương tổn. Ngoài ra đây cũng là một thảo dược tuyệt vời được sử dụng trong làm đẹp. ', 1, 3),
(000039, 'Dây tơ hồng vàng – Dây leo  nhiều công dụng ngỡ ngàng\r\n', '150000', 18, 'https://images.baodantoc.vn/uploads/2019/Ngay18thang11/to-hong.jpg', 'Dây tơ hồng là loại dây leo sống ký sinh trên cây khác. Thông thường hạt tơ hồng (thỏ ty tử) được biết đến nhiều hơn nhờ tác dụng tráng dương, cường thận cho nam giới.Tuy nhiên, bản thân dây tơ hồng cũng có tác dụng thanh nhiệt, lợi thủy, giải độc, dùng để chữa vàng da, rôm sảy ở trẻ em, giúp thông tiểu, chữa kiết lỵ và nhiều công dụng khác.\r\n', 5, 2),
(000040, 'Cây đuôi chuột - Trị ho, thanh nhiệt giải độc\r\n', '120000', 21, 'https://file1.dangcongsan.vn/data/0/images/2020/01/22/tuantran/dc1xdgsdf.jpg', 'Cây đuôi chuột là vị thuốc dân gian nổi tiếng với tác dụng hạ đường huyết, cải thiện tim mạch, trị viêm họng, ho. Trong Đông y, công dụng của cây đuôi chuột giúp thanh nhiệt, giải độc, lợi tiểu tiện và nhiều lợi ích cho sức khỏe.\r\n', 10, 2),
(000041, 'Cây Trinh Nữ (Cây xấu hổ)- An thần, hiệu quả bất ngờ trong việc trị xương khớp', '100000', 15, 'https://omega3.vn/wp-content/uploads/2021/11/hinh-anh-cay-trinh-nu.png', 'Cây trinh nữ hay cây xấu hổ, mắc cỡ, thường dùng ngâm rượu, sắc thuốc, nấu cao có tác dụng chuyên chữa các bệnh về xương khớp, suy nhược thần kinh, giúp an thần, ngủ ngon và nhiều công dụng tốt cho sức khỏe.', 1, 1),
(000042, 'Cây ích mẫu – Thuốc quý dành cho phụ nữ đau bụng kinh, tắc kinh\r\n', '120000', 0, 'https://vinmec-prod.s3.amazonaws.com/images/20211204_034653_817282_ich-mau-1.max-1800x1800.jpg', 'Ích mẫu là cứu tinh hàng đầu cho phụ nữ, có tác dụng phá ứ, phá huyết, thông kinh lạc, giúp điều kinh và chữa các bệnh phụ khoa cho phụ nữ rất hay, nhất là phụ nữ sau sinh. Vì có lá khá giống cây ngải cứu, lại có nguồn gốc từ phía Bắc nên còn gọi là Ngải cứu Trung Quốc.\r\n', 10, 2),
(000043, 'Cây rau bợ (cỏ bợ)- Rau dại đặc biệt, nhiều công dụng chữa bệnh\r\n', '100000', 10, 'https://bupxanh.vn/files/sanpham/272/1/jpg/co-bo.jpg', 'Câu ca lưu truyền từ xưa đã nói lên độ ngon “khó cưỡng” của món canh rau bợ. Cây rau bợ, hay còn gọi là cây cỏ bợ, tứ diệp thảo, cỏ may mắn. Là loài cỏ dại mọc chủ yếu ở các vùng đất ẩm, bờ ruộng, ven ao hồ.Không chỉ ăn ngon, rau bợ có nhiều công quý trong điều trị bệnh như: thanh nhiệt, giảm viêm, tiêu sưng, lợi tiểu, điều trị sỏi thận hiệu quả\r\n', 8, 2),
(000044, 'Cây cơm rượu – Thần dược trị đau xương khớp, tê thấp, tiểu đường\r\n', '150000', 8, 'https://www.thuocdantoc.org/wp-content/uploads/2019/11/cay-com-ruou-1.jpg', 'Cây cơm rượu còn gọi là bưởi bung, vị thuốc Nam sử dụng rộng rãi trong Đông y. Dược liệu có tính ấm, vị cay và hơi ngọt, chủ trị đau nhức xương khớp, tê thấp, kích thích tiêu hóa, hỗ trợ điều trị tiểu đường và một số bệnh khác. \r\n', 5, 2),
(000045, 'Rau diếp cá – thảo dược chữa nhiều bệnh\r\n', '120000', 12, 'https://cdn.tgdd.vn/2021/04/content/BeFunky-collage(3)-800x500-2.jpg', 'Rau diếp cá, hay rau dấp cá, giấp cá, vấp cá, nhíp cá, thuộc họ Saururaceae…. là loại rau ăn sống, không cần nấu chín, có vị tanh, cay nồng. Cây rau diếp được trồng ở một số nước Châu Á, trong đó có Việt Nam, Nhật Bản, Trung Quốc, Ấn Độ và Hàn Quốc.\r\n\r\n', 5, 4),
(000046, 'Lá tía tô -Uống nước lá tía tô có hiệu quả chữa bệnh không ngờ\r\n', '150000', 47, 'https://vinmec-prod.s3.amazonaws.com/images/20211206_120909_500600_tia-to-cho-ba-bau-4.max-1800x1800.jpg', 'Tía tô từ lâu đã không còn quá xa lạ đối với chúng ta, nó vừa làm nguyên liệu nấu ăn, vừa dùng làm thuốc, thường sử dụng xông mặt, đắp ngoài da, nấu nước uống có tác dụng giải cảm, trị ho, hạ sốt, trị mụn, nám và nhiều công dụng tuyệt vời khác.\r\n', 10, 3),
(000047, 'Cây mã đề - tác dụng lớn đối với sức khỏe\r\n', '100000', 36, 'https://suckhoedoisong.qltns.mediacdn.vn/324455921873985536/2022/1/11/photo-1641916891370-16419168929461510645815.jpg', 'Cây mã đề có rất nhiều công dụng tuyệt vời trong điều trị bệnh, nhất là các bệnh liên quan đến đường tiết niệu, tiêu hoá và thậm chí là các bệnh về da.', 10, 1),
(000048, 'Quả Sim Rừng – Hỗ trợ giảm đau nhức, giúp bổ máu, tráng dương', '150000', 15, 'https://asay.com.vn/wp-content/uploads/2021/11/sim-rung-gia-bao-nhiu.jpg', 'Là một trong những loại quả lên men tự nhiên tốt cho sức khỏe nên hiện nay được khá nhiều người sử dụng. Rượu sim rất dễ uống và có khả năng bổ thận tráng dương, tăng cường sức khỏe.', 3, 3),
(000049, 'Gừng gió – Thần dược chữa bệnh xơ gan, ung thư gan hiệu quả\r\n', '200000', 18, 'https://omega3.vn/wp-content/uploads/2021/06/cay-gung-gio.jpg', 'Gừng gió được dân gian ví như “tiên dược” có thể chữa được nhiều bệnh. Trong nhân dân, được mệnh danh là “thần dược” chữa xơ gan, viêm gan và hỗ trợ điều trị ung thư. Nhờ tiếng lành đồn xa, vị thuốc này đang ngày càng được nhiều săn lùng.', 2, 2),
(000050, 'Nhân trần - Công dụng và bài thuốc trị viêm gan từ cây nhân trần\r\n', '150000', 58, 'https://images.baodantoc.vn/uploads/2021/Th%C3%A1ng%206/Ng%C3%A0y%203/Thanh/nhan-tran-2.jpg', 'Nhân trần là dược liệu quý, thường dùng nấu nước, pha trà uống có tác dụng thanh nhiệt, điều trị viêm gan, vàng da, tiểu khó, mắt sưng đỏ,…', 2, 1);

-- --------------------------------------------------------

--
-- Cấu trúc bảng cho bảng `trangthaidonhang`
--

CREATE TABLE `trangthaidonhang` (
  `matrangthaidonhang` int(3) NOT NULL,
  `trangthaidonhang` varchar(255) COLLATE utf8mb4_unicode_ci NOT NULL
) ENGINE=InnoDB DEFAULT CHARSET=utf8mb4 COLLATE=utf8mb4_unicode_ci;

--
-- Đang đổ dữ liệu cho bảng `trangthaidonhang`
--

INSERT INTO `trangthaidonhang` (`matrangthaidonhang`, `trangthaidonhang`) VALUES
(0, 'Chưa Xác Nhận'),
(1, 'Đang xử lý'),
(2, 'Giao hàng thành công'),
(3, 'Đã Huỷ');

--
-- Chỉ mục cho các bảng đã đổ
--

--
-- Chỉ mục cho bảng `anh`
--
ALTER TABLE `anh`
  ADD PRIMARY KEY (`maanh`),
  ADD KEY `fk-_anh_masp` (`masanpham`);

--
-- Chỉ mục cho bảng `baidang`
--
ALTER TABLE `baidang`
  ADD PRIMARY KEY (`mabaidang`),
  ADD KEY `fk_baidang_masp` (`masanpham`);

--
-- Chỉ mục cho bảng `binhluan`
--
ALTER TABLE `binhluan`
  ADD PRIMARY KEY (`mabinhluan`),
  ADD KEY `fk_sanpham_masp1` (`masanpham`),
  ADD KEY `fk_sanpham_mand` (`manguoidung`);

--
-- Chỉ mục cho bảng `chitietdonhang`
--
ALTER TABLE `chitietdonhang`
  ADD PRIMARY KEY (`machitietdonhang`),
  ADD KEY `FK_ctdh_masp` (`masanpham`),
  ADD KEY `FK_ctdh_madonhang` (`madonhang`);

--
-- Chỉ mục cho bảng `danhmuc`
--
ALTER TABLE `danhmuc`
  ADD PRIMARY KEY (`madanhmuc`);

--
-- Chỉ mục cho bảng `donhang`
--
ALTER TABLE `donhang`
  ADD PRIMARY KEY (`madonhang`),
  ADD KEY `fk_donhang_masp` (`manguoidung`),
  ADD KEY `fk_donhang_matrangthaidonhang` (`matrangthaidonhang`);

--
-- Chỉ mục cho bảng `loaisanpham`
--
ALTER TABLE `loaisanpham`
  ADD PRIMARY KEY (`maloai`);

--
-- Chỉ mục cho bảng `mota`
--
ALTER TABLE `mota`
  ADD PRIMARY KEY (`mamota`),
  ADD KEY `fk_mota_masp` (`masanpham`);

--
-- Chỉ mục cho bảng `nguoidung`
--
ALTER TABLE `nguoidung`
  ADD PRIMARY KEY (`manguoidung`),
  ADD KEY `fk_nguoidung_maquyen` (`maquyen`);

--
-- Chỉ mục cho bảng `nhacungcap`
--
ALTER TABLE `nhacungcap`
  ADD PRIMARY KEY (`manhacungcap`),
  ADD KEY `fk_ncc_masp` (`masanpham`);

--
-- Chỉ mục cho bảng `quyen`
--
ALTER TABLE `quyen`
  ADD PRIMARY KEY (`maquyen`);

--
-- Chỉ mục cho bảng `sanpham`
--
ALTER TABLE `sanpham`
  ADD PRIMARY KEY (`masanpham`),
  ADD KEY `fk_danhmuc_madanhmuc` (`madanhmuc`),
  ADD KEY `fk_sp_maloai` (`maloai`);

--
-- Chỉ mục cho bảng `trangthaidonhang`
--
ALTER TABLE `trangthaidonhang`
  ADD PRIMARY KEY (`matrangthaidonhang`);

--
-- AUTO_INCREMENT cho các bảng đã đổ
--

--
-- AUTO_INCREMENT cho bảng `anh`
--
ALTER TABLE `anh`
  MODIFY `maanh` int(3) UNSIGNED ZEROFILL NOT NULL AUTO_INCREMENT, AUTO_INCREMENT=51;

--
-- AUTO_INCREMENT cho bảng `baidang`
--
ALTER TABLE `baidang`
  MODIFY `mabaidang` int(6) UNSIGNED ZEROFILL NOT NULL AUTO_INCREMENT, AUTO_INCREMENT=9;

--
-- AUTO_INCREMENT cho bảng `binhluan`
--
ALTER TABLE `binhluan`
  MODIFY `mabinhluan` int(6) NOT NULL AUTO_INCREMENT, AUTO_INCREMENT=19;

--
-- AUTO_INCREMENT cho bảng `chitietdonhang`
--
ALTER TABLE `chitietdonhang`
  MODIFY `machitietdonhang` int(6) UNSIGNED ZEROFILL NOT NULL AUTO_INCREMENT, AUTO_INCREMENT=125;

--
-- AUTO_INCREMENT cho bảng `danhmuc`
--
ALTER TABLE `danhmuc`
  MODIFY `madanhmuc` int(3) NOT NULL AUTO_INCREMENT, AUTO_INCREMENT=12;

--
-- AUTO_INCREMENT cho bảng `donhang`
--
ALTER TABLE `donhang`
  MODIFY `madonhang` int(6) UNSIGNED ZEROFILL NOT NULL AUTO_INCREMENT, AUTO_INCREMENT=107;

--
-- AUTO_INCREMENT cho bảng `loaisanpham`
--
ALTER TABLE `loaisanpham`
  MODIFY `maloai` int(6) NOT NULL AUTO_INCREMENT, AUTO_INCREMENT=5;

--
-- AUTO_INCREMENT cho bảng `nguoidung`
--
ALTER TABLE `nguoidung`
  MODIFY `manguoidung` int(6) UNSIGNED ZEROFILL NOT NULL AUTO_INCREMENT, AUTO_INCREMENT=62;

--
-- AUTO_INCREMENT cho bảng `nhacungcap`
--
ALTER TABLE `nhacungcap`
  MODIFY `manhacungcap` int(6) UNSIGNED ZEROFILL NOT NULL AUTO_INCREMENT, AUTO_INCREMENT=17;

--
-- AUTO_INCREMENT cho bảng `sanpham`
--
ALTER TABLE `sanpham`
  MODIFY `masanpham` int(6) UNSIGNED ZEROFILL NOT NULL AUTO_INCREMENT, AUTO_INCREMENT=51;

--
-- Các ràng buộc cho các bảng đã đổ
--

--
-- Các ràng buộc cho bảng `anh`
--
ALTER TABLE `anh`
  ADD CONSTRAINT `fk-_anh_masp` FOREIGN KEY (`masanpham`) REFERENCES `sanpham` (`masanpham`) ON DELETE CASCADE ON UPDATE CASCADE;

--
-- Các ràng buộc cho bảng `baidang`
--
ALTER TABLE `baidang`
  ADD CONSTRAINT `baidang_ibfk_1` FOREIGN KEY (`masanpham`) REFERENCES `sanpham` (`masanpham`),
  ADD CONSTRAINT `fk_baidang_masp` FOREIGN KEY (`masanpham`) REFERENCES `sanpham` (`masanpham`) ON DELETE CASCADE ON UPDATE CASCADE;

--
-- Các ràng buộc cho bảng `binhluan`
--
ALTER TABLE `binhluan`
  ADD CONSTRAINT `fk_sanpham_mand2` FOREIGN KEY (`manguoidung`) REFERENCES `nguoidung` (`manguoidung`) ON DELETE CASCADE ON UPDATE CASCADE,
  ADD CONSTRAINT `fk_sanpham_masp3` FOREIGN KEY (`masanpham`) REFERENCES `sanpham` (`masanpham`) ON DELETE CASCADE ON UPDATE CASCADE;

--
-- Các ràng buộc cho bảng `chitietdonhang`
--
ALTER TABLE `chitietdonhang`
  ADD CONSTRAINT `FK_ctdh_madonhang` FOREIGN KEY (`madonhang`) REFERENCES `donhang` (`madonhang`) ON DELETE CASCADE ON UPDATE CASCADE,
  ADD CONSTRAINT `FK_ctdh_masp` FOREIGN KEY (`masanpham`) REFERENCES `sanpham` (`masanpham`) ON DELETE CASCADE ON UPDATE CASCADE;

--
-- Các ràng buộc cho bảng `donhang`
--
ALTER TABLE `donhang`
  ADD CONSTRAINT `fk_donhang_masp` FOREIGN KEY (`manguoidung`) REFERENCES `nguoidung` (`manguoidung`) ON DELETE CASCADE ON UPDATE CASCADE,
  ADD CONSTRAINT `fk_donhang_matrangthaidonhang` FOREIGN KEY (`matrangthaidonhang`) REFERENCES `trangthaidonhang` (`matrangthaidonhang`) ON DELETE CASCADE ON UPDATE CASCADE;

--
-- Các ràng buộc cho bảng `mota`
--
ALTER TABLE `mota`
  ADD CONSTRAINT `fk_mota_masp` FOREIGN KEY (`masanpham`) REFERENCES `sanpham` (`masanpham`) ON DELETE CASCADE ON UPDATE CASCADE;

--
-- Các ràng buộc cho bảng `nguoidung`
--
ALTER TABLE `nguoidung`
  ADD CONSTRAINT `fk_nguoidung_maquyen` FOREIGN KEY (`maquyen`) REFERENCES `quyen` (`maquyen`) ON DELETE CASCADE ON UPDATE CASCADE;

--
-- Các ràng buộc cho bảng `nhacungcap`
--
ALTER TABLE `nhacungcap`
  ADD CONSTRAINT `fk_ncc_masp` FOREIGN KEY (`masanpham`) REFERENCES `sanpham` (`masanpham`) ON DELETE CASCADE ON UPDATE CASCADE;

--
-- Các ràng buộc cho bảng `sanpham`
--
ALTER TABLE `sanpham`
  ADD CONSTRAINT `fk_danhmuc5_madanhmuc` FOREIGN KEY (`madanhmuc`) REFERENCES `danhmuc` (`madanhmuc`) ON DELETE CASCADE ON UPDATE CASCADE,
  ADD CONSTRAINT `fk_sp_maloai3` FOREIGN KEY (`maloai`) REFERENCES `loaisanpham` (`maloai`) ON DELETE CASCADE ON UPDATE CASCADE;
COMMIT;

/*!40101 SET CHARACTER_SET_CLIENT=@OLD_CHARACTER_SET_CLIENT */;
/*!40101 SET CHARACTER_SET_RESULTS=@OLD_CHARACTER_SET_RESULTS */;
/*!40101 SET COLLATION_CONNECTION=@OLD_COLLATION_CONNECTION */;
